ADM0_TO,ADM0_PCODE,ADM1_TO,ADM1_PCODE,ADM2_TO,ADM2_PCODE,ADM3_TO,ADM3_PCODE,F_TL,M_TL,2022_Tot_Pop,NAME3,fid,OBJECTID,JOINADM3,VID,Village,Ashfall (depth) in mm,DID,District,DVID,Division,Area,ID,Region3,Total Town Allotment area (m2),"Total residential building
(m2)",Total town home garden (m2),Total town animal yard (m2),Total town other (m2),"Total acres - bush
Allotment","Perennial crop
(acres)","Annual crop
(acres)","Animal Yard
(acres)",Pasture (acres),"Farm building
(acres)",Fallow (acres),Otherp (acres),Total Animal,ACRES_Kava,ACRES_Paper mulberry,ACRES_Vanilla,ACRES_Pineapple,ACRES_Pandanus,ACRES_Papaya,ACRES_Coffee,ACRES_To,"ACRES_Perennial crop 
(acres)",ACRES_Cassava (Manioke),ACRES_Yam (Ufi),ACRES_Yautia (Talo Futuna),"ACRES_Sweet
potato (Kumala)","ACRES_Swam taro
(Talo Tonga)",ACRES_Other Root,ACRES_Watermelon,ACRES_Tomatoes,ACRES_Tobacco,ACRES_Papaya,ACRES_Capsicum,ACRES_Head Cabbage,ACRES_Plantain,ACRES_Giant Taro,ACRES_Cooking Banana,ACRES_Banana,ACRES_Corn,ACRES_Pele,ACRES_Peanut,TREES_Coconut,TREES_Mango,TREES_Breadfruit,"TREES_Pacific litchi
(Tava)",TREES_Moli,TREES_Ifi,TREES_Guava,"TREES_Rose apple
(Fekika)",TREES_Avocado,"TREES_Indian
mulberry Noni",TREES_Others,TREES_Pine,TREES_Pulukamu,TREES_Sita,TREES_Kauli,TREES_Mahokani,TREES_Kofe,TREES_‘oke,TREES_Kofe pitu,TREES_Kotia,TREES_Cauli flower,TREES_Sandalwood,RAW_Total value of raw material sold,RAW_Total of finished product sold,NUM_Beef cattle,NUM_Dairy cattle,NUM_Pig,NUM_Horse,NUM_Sheep,NUM_Goat,NUM_Chicken,NUM_Duck,TREES_Breadfruit,TREES_Mango,TREES_Banana,TREES_Moli,TREES_Coconut,TREES_Sandalwood,TREES_LOUÁKAU,TREES_Pacific litchi,TREES_Plantain,TREES_Papaya,RAW_Fishing value (TOP)
Kingdom of Tonga,TO,Tongatapu,TO1,Kolofo'ou,TO11,Kolofo'ou,TO1101,3728,3516,7244,Kolofo'ou,109,108,TO1101,1101,Kolofo'ou,20,11,Kolofo'ou,1,Tongatapu,3.49961,12,1101,1274224,180704,9638,7749,1076133,50,18,23,0,0,0,27,0,7749,6,1,2,6,0,2,1,0,18,246.626506,97.81927711,50.15662651,23.27710843,50.71084337,31.96770305,4.987261146,1.132165605,0.202308627,0.15309842,0.131227217,0.120291616,2.063694268,2.27866242,0.272292994,1.877388535,0.171974522,0.386942675,3.425159236,10588,426,161,107,40,34,58,8,27,38,72,141,152,120,93,4,0,0,0,0,0,16,36355,490078,122,25,1318,3,4,5,1457,32,820,905,910,162,811,89,108,390,118,165,87330.90981
Kingdom of Tonga,TO,Tongatapu,TO1,Kolofo'ou,TO11,Ma'ufanga,TO1102,3616,3371,6987,Ma'ufanga,112,111,TO1102,1102,Ma'ufanga,20,11,Kolofo'ou,1,Tongatapu,3.8811,12,1102,972827,131403,37353,13226,790845,121,48,42,6,0,0,39,25,37502,10,17,8,12,0,1,0,0,48,450.3614458,178.626506,91.59036145,42.5060241,92.60240964,58.37580557,13.29936306,3.01910828,0.539489672,0.408262454,0.349939247,0.320777643,5.503184713,6.076433121,0.72611465,5.006369427,0.458598726,1.031847134,9.133757962,28234,1137,429,286,106,91,154,22,71,101,192,376,406,321,249,10,0,1,0,0,0,43,35065,472691,593,121,6378,12,18,23,7049,156,2187,2414,2427,431,2162,237,287,1041,316,441,84232.61552
Kingdom of Tonga,TO,Tongatapu,TO1,Kolofo'ou,TO11,Nukumotu,TO1103,37,24,61,Nukunukumotu,144,142,TO1103,1103,Nukunukumotu,20,11,Kolofo'ou,1,Tongatapu,1.7933,12,1103,7090,685,0,50,6355,32,3,7,0,0,0,8,14,50,2,1,0,0,0,0,0,0,3,75.06024096,29.77108434,15.26506024,7.084337349,15.43373494,9.729300928,0.831210191,0.188694268,0.033718104,0.025516403,0.021871203,0.020048603,0.343949045,0.37977707,0.045382166,0.312898089,0.02866242,0.064490446,0.570859873,1765,71,27,18,7,6,10,1,4,6,12,23,25,20,16,1,0,0,0,0,0,3,306,4127,1,0,9,0,0,0,9,0,137,151,152,27,135,15,18,65,20,28,735.3928076
Kingdom of Tonga,TO,Tongatapu,TO1,Kolofo'ou,TO11,Popua,TO1105,1215,1139,2354,Popua,111,110,TO1105,1105,Popua,20,11,Kolofo'ou,1,Tongatapu,1.76766,12,1105,323490,38024,21487,5616,258363,65,4,11,0,16,0,17,18,5616,2,0,1,1,0,0,0,0,4,117.9518072,46.78313253,23.98795181,11.13253012,24.25301205,15.28890146,1.108280255,0.251592357,0.044957473,0.034021871,0.029161604,0.02673147,0.458598726,0.506369427,0.060509554,0.417197452,0.038216561,0.085987261,0.761146497,2353,95,36,24,9,8,13,2,6,8,16,31,34,27,21,1,0,0,0,0,0,4,11814,159255,89,18,955,2,3,3,1056,23,182,201,202,36,180,20,24,87,26,37,28378.929
Kingdom of Tonga,TO,Tongatapu,TO1,Kolofo'ou,TO11,Tukutonga,TO1106,323,310,633,Tukutonga,110,109,TO1106,1106,Tukutonga,20,11,Kolofo'ou,1,Tongatapu,0.850307,12,1106,64164,6110,416,1092,56546,0,0,0,0,0,0,0,0,1092,0,0,0,0,0,0,0,0,0,0,0,0,0,0,0,0,0,0,0,0,0,0,0,0,0,0,0,0,0,0,0,0,0,0,0,0,0,0,0,0,0,0,0,0,0,0,0,0,0,0,3177,42824,17,4,186,0,1,1,205,5,0,0,0,0,0,0,0,0,0,0,7631.207331
Kingdom of Tonga,TO,Tongatapu,TO1,Kolofo'ou,TO11,Pangaimotu,TO1107,2,8,10,"Pangaimotu, T",142,140,TO1107,1107,"Pangaimotu, T",20,11,Kolofo'ou,1,Tongatapu,0.166778,12,1107,97104,951,0,0,96153,1,1,0,0,0,0,0,0,0,0,0,1,0,0,0,0,0,1,0,0,0,0,0,0,0.277070064,0.062898089,0.011239368,0.008505468,0.007290401,0.006682868,0.114649682,0.126592357,0.015127389,0.104299363,0.00955414,0.021496815,0.190286624,588,24,9,6,2,2,3,0,1,2,4,8,8,7,5,0,0,0,0,0,0,1,50,677,0,0,0,0,0,0,0,0,46,50,51,9,45,5,6,22,7,9,120.556198
Kingdom of Tonga,TO,Tongatapu,TO1,Kolofo'ou,TO11,Fafaa,TO1108,5,2,7,Fafaa Is,146,144,TO1108,1108,Fafaa Is,22,11,Kolofo'ou,1,Tongatapu,0.138448,12,1108,8000,448,0,0,7552,0,0,0,0,0,0,0,0,0,0,0,0,0,0,0,0,0,0,0,0,0,0,0,0,0,0,0,0,0,0,0,0,0,0,0,0,0,0,0,0,0,0,0,0,0,0,0,0,0,0,0,0,0,0,0,0,0,0,0,35,474,0,0,0,0,0,0,0,0,0,0,0,0,0,0,0,0,0,0,84.38933858
Kingdom of Tonga,TO,Tongatapu,TO1,Kolomotu'a,TO12,Kolomotu'a,TO1201,3597,3344,6941,Kolomotu'a,108,107,TO1201,1201,Kolomotu'a,20,12,Kolomotu'a,1,Tongatapu,7.63153,12,1201,1111382,158440,8912,9999,934031,265,28,107,0,11,4,128,11,9999,3,5,3,9,1,7,0,0,28,73.12388664,36.90850202,19.2340081,8.577327935,18.62753036,10.67462549,7.757961783,1.761146497,0.314702309,0.238153098,0.204131227,0.187120292,3.210191083,3.544585987,0.423566879,2.920382166,0.267515924,0.601910828,5.328025478,23702,764,609,336,139,103,562,44,71,26,707,257,217,105,224,2,2,0,0,22,0,33,35442,271683,142,17,1546,7,7,14,1755,57,1131,1235,793,4167,754,166,135,586,133,259,13726.05029
Kingdom of Tonga,TO,Tongatapu,TO1,Kolomotu'a,TO12,Havelu,TO1202,1772,1674,3446,Haveluloto,106,105,TO1202,1202,Haveluloto,20,12,Kolomotu'a,1,Tongatapu,1.74805,12,1202,350702,61542,265,1448,287447,113,11,72,0,14,0,25,1,1448,9,0,0,2,0,0,0,0,11,49.2048583,24.83562753,12.94251012,5.771659919,12.53441296,7.182925564,3.047770701,0.691878981,0.12363305,0.093560146,0.080194411,0.073511543,1.261146497,1.392515924,0.166401274,1.147292994,0.105095541,0.236464968,2.093152866,9311,300,239,132,55,41,221,17,28,10,278,101,85,41,88,1,1,0,0,9,0,13,17596,134882,21,2,224,1,1,2,254,8,444,485,311,1637,296,65,53,230,52,102,6814.575606
Kingdom of Tonga,TO,Tongatapu,TO1,Kolomotu'a,TO12,Tofoa,TO1203,1833,1651,3484,Tofoa/Koloua,105,104,TO1203,1203,Tofoa/Koloua,20,12,Kolomotu'a,1,Tongatapu,5.71144,12,1203,515979,58299,9441,3669,444570,235,14,119,0,17,0,82,15,3669,4,4,5,1,0,0,0,0,14,81.32469636,41.04777328,21.39109312,9.539271255,20.71659919,11.87177975,3.878980892,0.880573248,0.157351154,0.119076549,0.102065614,0.093560146,1.605095541,1.772292994,0.211783439,1.460191083,0.133757962,0.300955414,2.664012739,11851,382,304,168,70,52,281,22,36,13,354,128,108,52,112,1,1,0,0,11,0,16,17790,136370,52,6,567,3,3,5,644,21,566,617,396,2083,377,83,68,293,66,129,6889.721826
Kingdom of Tonga,TO,Tongatapu,TO1,Kolomotu'a,TO12,Hofoa,TO1204,718,673,1391,Hofoa,107,106,TO1204,1204,Hofoa,20,12,Kolomotu'a,1,Tongatapu,3.03027,12,1204,95390,8882,380,1874,84254,568,6,351,0,10,1,189,12,1874,1,2,2,1,0,0,0,0,6,239.8736842,121.0736842,63.09473684,28.13684211,61.10526316,35.01676213,1.662420382,0.377388535,0.067436209,0.051032807,0.043742406,0.040097205,0.687898089,0.75955414,0.090764331,0.625796178,0.057324841,0.128980892,1.141719745,5079,164,130,72,30,22,120,9,15,6,152,55,46,22,48,0,1,0,0,5,0,7,7103,54446,27,3,290,1,1,3,329,11,242,265,170,893,162,35,29,126,28,55,2750.747147
Kingdom of Tonga,TO,Tongatapu,TO1,Kolomotu'a,TO12,Puke,TO1205,509,435,944,Puke,104,103,TO1205,1205,Puke,20,12,Kolomotu'a,1,Tongatapu,3.32932,12,1205,101865,8633,5379,3803,84050,656,9,300,0,20,2,290,32,3803,1,1,4,3,0,0,0,0,9,205.0202429,103.4817814,53.92712551,24.048583,52.22672065,29.92885652,2.493630573,0.566082803,0.101154313,0.07654921,0.065613609,0.060145808,1.031847134,1.13933121,0.136146497,0.938694268,0.085987261,0.193471338,1.712579618,7618,246,196,108,45,33,181,14,23,8,227,83,70,34,72,1,1,0,0,7,0,11,4820,36950,54,7,588,3,3,5,667,22,364,397,255,1339,242,53,43,188,43,83,1866.7903
Kingdom of Tonga,TO,Tongatapu,TO1,Kolomotu'a,TO12,Sia'atoutai,TO1206,300,318,618,Sia'atoutai,103,102,TO1206,1206,Sia'atoutai,20,12,Kolomotu'a,1,Tongatapu,4.55668,12,1206,27762,2234,103,538,24887,627,3,286,11,60,38,171,57,45044,1,0,0,1,0,1,0,0,3,195.4526316,98.65263158,51.41052632,22.92631579,49.78947368,28.53217655,0.831210191,0.188694268,0.033718104,0.025516403,0.021871203,0.020048603,0.343949045,0.37977707,0.045382166,0.312898089,0.02866242,0.064490446,0.570859873,2539,82,65,36,15,11,60,5,8,3,76,28,23,11,24,0,0,0,0,2,0,4,3156,24190,639,77,6963,33,31,65,7905,256,121,132,85,446,81,18,14,63,14,28,1222.114836
Kingdom of Tonga,TO,Tongatapu,TO1,Vaini,TO13,Vaini,TO1301,1603,1713,3316,Vaini,117,116,TO1301,1301,Vaini,25,13,Vaini,1,Tongatapu,22.7325,12,1301,751188,68674,8724,7709,666081,4683,80,1690,3,319,19,2439,133,19847,8,5,0,34,0,7,7,0,80,589.7395833,236.6782407,116.0570988,98.12692901,98.12692901,77.68521616,22.1656051,5.031847134,0.899149453,0.680437424,0.583232078,0.534629405,9.171974522,10.12738854,1.210191083,8.343949045,0.76433121,1.719745223,15.22292994,31214,1255,644,302,110,190,114,24,396,47,149,218,288,90,144,0,36,21,25,0,0,282,30528,235846,109,17,792,6,12,8,1011,33,1073,1207,41,273,735,2215,71,543,26,182,19286.17243
Kingdom of Tonga,TO,Tongatapu,TO1,Vaini,TO13,Malapo,TO1302,330,317,647,Malapo,120,119,TO1302,1302,Malapo,25,13,Vaini,1,Tongatapu,1.84679,12,1302,155851,17878,5761,5157,127055,639,12,186,25,116,5,288,8,106307,3,4,4,0,1,0,0,0,12,64.90625,26.04861111,12.77314815,10.79976852,10.79976852,8.549970536,3.324840764,0.75477707,0.134872418,0.102065614,0.087484812,0.080194411,1.375796178,1.51910828,0.181528662,1.251592357,0.114649682,0.257961783,2.28343949,4682,188,97,45,17,29,17,4,59,7,22,33,43,13,22,0,5,3,4,0,0,42,5956,46017,585,92,4240,30,63,42,5416,175,161,181,6,41,110,332,11,82,4,27,3763.01374
Kingdom of Tonga,TO,Tongatapu,TO1,Vaini,TO13,Longoteme,TO1303,360,332,692,Longoteme,118,117,TO1303,1303,Longoteme,25,13,Vaini,1,Tongatapu,5.92799,12,1303,116922,10622,1823,1913,102564,1196,48,252,0,25,0,856,14,1913,3,42,0,0,0,0,0,0,48,87.9375,35.29166667,17.30555556,14.63194444,14.63194444,11.58383105,13.29936306,3.01910828,0.539489672,0.408262454,0.349939247,0.320777643,5.503184713,6.076433121,0.72611465,5.006369427,0.458598726,1.031847134,9.133757962,18729,753,386,181,66,114,68,14,238,28,90,131,173,54,86,0,22,12,15,0,0,169,6371,49218,11,2,76,1,1,1,97,3,644,724,24,164,441,1329,43,326,16,109,4024.738034
Kingdom of Tonga,TO,Tongatapu,TO1,Vaini,TO13,Folaha,TO1304,491,414,905,Folaha,116,115,TO1304,1304,Folaha,25,13,Vaini,1,Tongatapu,5.15855,12,1304,168577,15120,3282,3149,147026,922,36,202,9,68,0,593,13,39563,0,7,6,5,0,0,0,0,36,70.48958333,28.28935185,13.87191358,11.72878086,11.72878086,9.285451872,9.974522293,2.26433121,0.404617254,0.306196841,0.262454435,0.240583232,4.127388535,4.557324841,0.544585987,3.75477707,0.343949045,0.77388535,6.850318471,14046,565,290,136,50,86,51,11,178,21,67,98,130,40,65,0,16,9,11,0,0,127,8332,64367,218,34,1578,11,24,15,2016,65,483,543,18,123,331,997,32,245,12,82,5263.56636
Kingdom of Tonga,TO,Tongatapu,TO1,Vaini,TO13,Nukuhetulu,TO1305,184,146,330,Nukuhetulu,115,114,TO1305,1305,Nukuhetulu,25,13,Vaini,1,Tongatapu,1.88011,12,1305,63305,5015,100,1070,57120,221,6,53,0,0,0,166,0,1070,0,5,0,1,0,0,0,0,2,18.49479167,7.422453704,3.639660494,3.077353395,3.077353395,2.436281927,0.554140127,0.125796178,0.022478736,0.017010936,0.014580802,0.013365735,0.229299363,0.253184713,0.030254777,0.208598726,0.01910828,0.042993631,0.380573248,2341,94,48,23,8,14,9,2,30,4,11,16,22,7,11,0,3,2,2,0,0,21,3038,23471,6,1,43,0,1,0,55,2,80,91,3,20,55,166,5,41,2,14,1919.31149
Kingdom of Tonga,TO,Tongatapu,TO1,Vaini,TO13,Veitongo,TO1306,719,692,1411,Veitongo,114,113,TO1306,1306,Veitongo,25,13,Vaini,1,Tongatapu,3.3012,12,1306,231210,20582,721,3355,206552,927,21,373,0,40,8,478,7,3355,0,2,0,7,4,0,8,0,21,130.1614583,52.23726852,25.61496914,21.65760031,21.65760031,17.14590866,5.818471338,1.320859873,0.236026731,0.178614824,0.15309842,0.140340219,2.407643312,2.65843949,0.317675159,2.190286624,0.200636943,0.451433121,3.996019108,8194,329,169,79,29,50,30,6,104,12,39,57,76,24,38,0,9,5,7,0,0,74,12990,100355,18,3,134,1,2,1,171,6,282,317,11,72,193,581,19,143,7,48,8206.510645
Kingdom of Tonga,TO,Tongatapu,TO1,Vaini,TO13,Ha'ateiho,TO1307,1381,1255,2636,Ha'ateiho,113,112,TO1307,1307,Ha'ateiho,25,13,Vaini,1,Tongatapu,8.39672,12,1307,551323,51036,6300,23646,470341,1591,16,952,8,128,2,424,60,56014,2,4,1,5,1,0,0,0,16,332.2083333,133.3240741,65.37654321,55.27623457,55.27623457,43.76113952,4.433121019,1.006369427,0.179829891,0.136087485,0.116646416,0.106925881,1.834394904,2.025477707,0.242038217,1.668789809,0.152866242,0.343949045,3.044585987,6243,251,129,60,22,38,23,5,79,9,30,44,58,18,29,0,7,4,5,0,0,56,24268,187482,308,48,2234,16,33,22,2854,92,215,241,8,55,147,443,14,109,5,36,15331.22754
Kingdom of Tonga,TO,Tongatapu,TO1,Vaini,TO13,Pea,TO1308,1056,948,2004,Pea,141,139,TO1308,1308,Pea,25,13,Vaini,1,Tongatapu,11.9299,12,1308,352152,35078,5591,4360,307123,1541,60,856,5,112,0,458,51,24590,14,8,4,25,0,0,2,0,60,298.7083333,119.8796296,58.78395062,49.70216049,49.70216049,39.3482515,16.62420382,3.77388535,0.67436209,0.510328068,0.437424058,0.400972053,6.878980892,7.595541401,0.907643312,6.257961783,0.573248408,1.289808917,11.41719745,23411,941,483,226,83,143,85,18,297,35,112,163,216,67,108,0,27,16,19,0,0,211,18449,142532,135,21,981,7,15,10,1253,41,805,905,30,205,551,1661,53,408,20,136,11655.45523
Kingdom of Tonga,TO,Tongatapu,TO1,Vaini,TO13,Tokomololo,TO1309,688,617,1305,Tokomololo,102,101,TO1309,1309,Tokomololo,25,13,Vaini,1,Tongatapu,4.70566,12,1309,198032,17531,3056,3125,174320,989,7,620,0,34,0,312,16,3125,0,0,0,2,0,0,0,0,7,216.3541667,86.8287037,42.57716049,35.9992284,35.9992284,28.49990179,1.939490446,0.440286624,0.078675577,0.059538275,0.051032807,0.046780073,0.802547771,0.886146497,0.10589172,0.730095541,0.066878981,0.150477707,1.332006369,2731,110,56,26,10,17,10,2,35,4,13,19,25,8,13,0,3,2,2,0,0,25,12014,92816,17,3,125,1,2,1,159,5,94,106,4,24,64,194,6,48,2,16,7590.00453
Kingdom of Tonga,TO,Tongatapu,TO1,Tatakamotonga,TO14,Tatakamotonga,TO1401,920,937,1857,Tatakamotonga,124,122,TO1401,1401,Tatakamotonga,18,14,Tatakamotonga,1,Tongatapu,9.01785,12,1401,352723,38164,7182,8330,299047,1576,17,561,0,221,3,754,23,8330,0,11,2,4,0,0,0,0,15,189,139.8,46.6,44.4,15.6,29.7034234,4.156050955,0.943471338,0.168590522,0.127582017,0.109356015,0.100243013,1.719745223,1.89888535,0.226910828,1.564490446,0.143312102,0.322452229,2.854299363,6177,312,149,94,50,43,26,13,24,50,101,205,190,51,85,3,9,7,0,4,0,132,7221,59310,222,29,755,9,25,3,641,35,162,145,60,48,62,16,27,51,13,20,5431.519124
Kingdom of Tonga,TO,Tongatapu,TO1,Tatakamotonga,TO14,Holonga,TO1402,286,234,520,"Holonga, T",121,120,TO1402,1402,"Holonga, T",18,14,Tatakamotonga,1,Tongatapu,1.57975,12,1402,107237,11033,7048,2701,86455,362,20,64,1,66,0,213,1,6747,2,17,0,1,0,0,0,0,18,21.56149733,15.9486631,5.316221034,5.065240642,1.779679144,3.388625842,4.987261146,1.132165605,0.202308627,0.15309842,0.131227217,0.120291616,2.063694268,2.27866242,0.272292994,1.877388535,0.171974522,0.386942675,3.425159236,7267,367,175,111,59,50,30,15,28,59,119,242,224,60,100,3,11,9,0,4,0,155,2022,16608,179,24,611,7,20,3,519,28,191,170,70,57,73,19,32,60,15,23,1520.94235
Kingdom of Tonga,TO,Tongatapu,TO1,Tatakamotonga,TO14,Pelehake,TO1403,459,418,877,Pelehake,123,121,TO1403,1403,Pelehake,18,14,Tatakamotonga,1,Tongatapu,8.84648,12,1403,141276,15537,1115,6096,118528,1320,32,416,1,227,0,629,14,10142,1,23,1,4,0,0,0,0,32,140.1497326,103.6663102,34.55543672,32.92406417,11.56791444,22.02606798,8.866242038,2.012738854,0.359659781,0.27217497,0.233292831,0.213851762,3.668789809,4.050955414,0.484076433,3.337579618,0.305732484,0.687898089,6.089171975,11628,588,280,177,94,80,49,25,45,94,191,387,358,96,160,5,17,14,0,7,0,248,3410,28010,270,36,919,11,30,4,781,42,306,272,113,91,116,31,51,95,24,37,2565.127772
Kingdom of Tonga,TO,Tongatapu,TO1,Tatakamotonga,TO14,Fua'amotu,TO1404,855,820,1675,Fua'amotu,119,118,TO1404,1404,Fua'amotu,18,14,Tatakamotonga,1,Tongatapu,21.2206,12,1404,301933,42494,4343,19248,235848,2847,47,880,1,935,9,829,147,23294,3,22,3,11,0,0,0,0,47,296.4705882,219.2941176,73.09803922,69.64705882,24.47058824,46.59360533,13.02229299,2.956210191,0.528250304,0.399756987,0.342648846,0.314094775,5.388535032,5.949840764,0.710987261,4.902070064,0.449044586,1.010350318,8.943471338,17078,863,411,260,138,118,71,36,65,139,280,568,525,140,235,8,26,20,0,10,0,364,6513,53497,619,82,2110,26,70,9,1793,97,449,400,166,134,170,46,74,140,35,54,4899.189302
Kingdom of Tonga,TO,Tongatapu,TO1,Tatakamotonga,TO14,Nakolo,TO1405,223,185,408,Nakolo,125,123,TO1405,1405,Nakolo,18,14,Tatakamotonga,1,Tongatapu,1.58632,12,1405,85956,8494,0,3444,74018,500,23,161,1,42,0,277,2,7490,0,17,0,5,1,0,0,0,17,54.24064171,40.12085561,13.37361854,12.74224599,4.477005348,8.524511885,4.710191083,1.069267516,0.191069259,0.144592953,0.123936817,0.113608748,1.949044586,2.152070064,0.257165605,1.773089172,0.162420382,0.36544586,3.234872611,8358,422,201,127,68,58,35,18,32,68,137,278,257,69,115,4,12,10,0,5,0,178,1587,13031,199,26,678,8,22,3,576,31,220,196,81,66,83,22,36,69,17,27,1193.354767
Kingdom of Tonga,TO,Tongatapu,TO1,Tatakamotonga,TO14,Ha'asini,TO1406,477,420,897,Ha'asini/Hamula,126,124,TO1406,1406,Ha'asini/Hamula,18,14,Tatakamotonga,1,Tongatapu,6.24402,12,1406,148453,20665,2264,6071,119453,932,58,291,1,96,16,454,16,10117,0,34,6,13,0,0,0,0,58,98.03743316,72.51657754,24.17219251,23.03101604,8.09197861,15.40765813,16.07006369,3.648089172,0.651883354,0.493317132,0.422843256,0.387606318,6.649681529,7.342356688,0.877388535,6.049363057,0.554140127,1.246815287,11.0366242,21076,1065,507,321,170,145,88,45,81,171,346,701,648,173,290,9,31,25,0,12,0,449,3488,28649,269,36,916,11,30,4,779,42,554,493,204,165,210,56,92,173,43,67,2623.625554
Kingdom of Tonga,TO,Tongatapu,TO1,Tatakamotonga,TO14,Lavengatonga,TO1407,193,167,360,Lavengatonga,127,125,TO1407,1407,Lavengatonga,18,14,Tatakamotonga,1,Tongatapu,4.22088,12,1407,72979,12022,3822,3509,53626,695,46,175,5,20,0,436,15,23739,1,37,7,1,0,0,0,0,44,58.95721925,43.60962567,14.53654189,13.85026738,4.86631016,9.265773788,12.1910828,2.767515924,0.494532199,0.374240583,0.320777643,0.294046173,5.044585987,5.570063694,0.665605096,4.589171975,0.420382166,0.945859873,8.372611465,16715,845,402,254,135,115,70,35,64,136,274,556,514,137,230,7,25,20,0,9,0,356,1400,11498,631,84,2150,26,71,10,1827,99,440,391,162,131,167,45,73,137,34,53,1052.960089
Kingdom of Tonga,TO,Tongatapu,TO1,Tatakamotonga,TO14,Haveluliku,TO1408,109,103,212,Haveluliku,129,127,TO1408,1408,Haveluliku,18,14,Tatakamotonga,1,Tongatapu,0.939758,12,1408,34775,7944,717,1581,24533,211,7,64,0,40,0,98,2,1581,0,0,3,1,0,0,0,0,7,21.56149733,15.9486631,5.316221034,5.065240642,1.779679144,3.388625842,1.939490446,0.440286624,0.078675577,0.059538275,0.051032807,0.046780073,0.802547771,0.886146497,0.10589172,0.730095541,0.066878981,0.150477707,1.332006369,2544,129,61,39,21,18,11,5,10,21,42,85,78,21,35,1,4,3,0,1,0,54,824,6771,42,6,143,2,5,1,122,7,67,60,25,20,25,7,11,21,5,8,620.0764967
Kingdom of Tonga,TO,Tongatapu,TO1,Tatakamotonga,TO14,Fatumu,TO1409,226,184,410,Fatumu,128,126,TO1409,1409,Fatumu,18,14,Tatakamotonga,1,Tongatapu,1.53948,12,1409,82248,14135,3100,5357,59656,629,17,193,0,60,0,298,63,5357,0,13,4,0,0,0,0,0,16,65.02139037,48.09518717,16.03172906,15.27486631,5.36684492,10.21882481,4.433121019,1.006369427,0.179829891,0.136087485,0.116646416,0.106925881,1.834394904,2.025477707,0.242038217,1.668789809,0.152866242,0.343949045,3.044585987,6177,312,149,94,50,43,26,13,24,50,101,205,190,51,85,3,9,7,0,4,0,132,1594,13095,142,19,485,6,16,2,412,22,162,145,60,48,62,16,27,51,13,20,1199.204545
Kingdom of Tonga,TO,Tongatapu,TO1,Lapaha,TO15,Lapaha,TO1501,1015,989,2004,Lapaha,130,128,TO1501,1501,Lapaha,20,15,Lapaha,1,Tongatapu,15.8205,12,1501,437629,38516,14077,9239,375797,2395,146,728,0,134,10,1282,96,9239,1,103,4,10,0,1,0,0,146,241.6127398,269.5418024,70.34961998,61.91820485,12.64712269,44.75771666,40.4522293,9.183121019,1.640947752,1.241798299,1.064398542,0.975698663,16.7388535,18.48248408,2.208598726,15.22770701,1.394904459,3.138535032,27.78184713,48474,1514,734,703,365,327,123,11,34,37,679,283,443,69,22,0,43,2,0,0,0,28,15769,184310,74,6,498,4,1,1,246,12,747,611,801,154,557,38,101,315,100,108,14172.71971
Kingdom of Tonga,TO,Tongatapu,TO1,Lapaha,TO15,Talasiu,TO1502,180,188,368,Talasiu,131,129,TO1502,1502,Talasiu,20,15,Lapaha,1,Tongatapu,1.84821,12,1502,56610,3600,1952,1162,49896,152,11,78,0,0,0,65,2,1162,0,11,0,0,0,0,0,0,7,25.88707926,28.87947883,7.537459283,6.634093377,1.35504886,4.795469642,1.939490446,0.440286624,0.078675577,0.059538275,0.051032807,0.046780073,0.802547771,0.886146497,0.10589172,0.730095541,0.066878981,0.150477707,1.332006369,3652,114,55,53,28,25,9,1,3,3,51,21,33,5,2,0,3,0,0,0,0,2,2896,33845,9,1,63,0,0,0,31,1,56,46,60,12,42,3,8,24,8,8,2602.575275
Kingdom of Tonga,TO,Tongatapu,TO1,Lapaha,TO15,Hoi,TO1503,218,211,429,Hoi,122,130,TO1503,1503,Hoi,20,15,Lapaha,1,Tongatapu,0.592704,12,1503,89824,6023,85,1318,82398,741,33,288,6,20,0,393,6,25594,0,24,4,5,0,0,0,0,28,95.58306189,106.6319218,27.83061889,24.49511401,5.003257329,17.70634945,7.757961783,1.761146497,0.314702309,0.238153098,0.204131227,0.187120292,3.210191083,3.544585987,0.423566879,2.920382166,0.267515924,0.601910828,5.328025478,10957,342,166,159,83,74,28,3,8,8,153,64,100,16,5,0,10,1,0,0,0,6,3376,39456,204,16,1380,10,3,4,683,33,169,138,181,35,126,9,23,71,23,24,3033.980416
Kingdom of Tonga,TO,Tongatapu,TO1,Lapaha,TO15,Nukuleka,TO1504,159,174,333,Nukuleka,132,131,TO1504,1504,Nukuleka,20,15,Lapaha,1,Tongatapu,1.35882,12,1504,54343,4343,760,3386,45854,183,16,63,0,12,0,93,0,3386,4,1,11,0,0,0,0,0,16,20.90879479,23.3257329,6.087947883,5.358306189,1.094462541,3.873263941,4.433121019,1.006369427,0.179829891,0.136087485,0.116646416,0.106925881,1.834394904,2.025477707,0.242038217,1.668789809,0.152866242,0.343949045,3.044585987,5312,166,80,77,40,36,13,1,4,4,74,31,49,8,2,0,5,0,0,0,0,3,2620,30626,27,2,183,1,0,0,90,4,82,67,88,17,61,4,11,35,11,12,2355.047736
Kingdom of Tonga,TO,Tongatapu,TO1,Lapaha,TO15,Makaunga,TO1505,185,172,357,Makaunga,133,132,TO1505,1505,Makaunga,20,15,Lapaha,1,Tongatapu,2.06458,12,1505,68180,8816,0,3045,56319,361,7,113,0,40,0,205,0,3045,1,4,2,0,0,0,0,0,2,37.50307637,41.83821933,10.91965255,9.610930148,1.963083605,6.947282942,0.554140127,0.125796178,0.022478736,0.017010936,0.014580802,0.013365735,0.229299363,0.253184713,0.030254777,0.208598726,0.01910828,0.042993631,0.380573248,2324,73,35,34,18,16,6,1,2,2,33,14,21,3,1,0,2,0,0,0,0,1,2809,32834,24,2,164,1,0,0,81,4,36,29,38,7,27,2,5,15,5,5,2524.780906
Kingdom of Tonga,TO,Tongatapu,TO1,Lapaha,TO15,Talafo'ou,TO1506,194,197,391,Talafo'ou,134,133,TO1506,1506,Talafo'ou,20,15,Lapaha,1,Tongatapu,2.27885,12,1506,80060,4639,1668,3276,70477,334,5,148,0,58,8,118,0,3276,0,2,2,1,0,0,0,0,3,49.11907347,54.79695983,14.30184582,12.58776692,2.57111835,9.099096243,0.831210191,0.188694268,0.033718104,0.025516403,0.021871203,0.020048603,0.343949045,0.37977707,0.045382166,0.312898089,0.02866242,0.064490446,0.570859873,1660,52,25,24,13,11,4,0,1,1,23,10,15,2,1,0,1,0,0,0,0,1,3077,35961,26,2,177,1,0,0,87,4,26,21,27,5,19,1,3,11,3,4,2765.23623
Kingdom of Tonga,TO,Tongatapu,TO1,Lapaha,TO15,Manuka,TO1507,150,152,302,Manuka,136,135,TO1507,1507,Manuka,20,15,Lapaha,1,Tongatapu,1.02736,12,1507,48218,4116,111,1214,42777,59,4,17,0,2,0,36,0,1214,2,1,1,0,0,0,0,0,4,5.642055737,6.294245385,1.642779587,1.445892146,0.295331162,1.04516646,1.108280255,0.251592357,0.044957473,0.034021871,0.029161604,0.02673147,0.458598726,0.506369427,0.060509554,0.417197452,0.038216561,0.085987261,0.761146497,1328,41,20,19,10,9,3,0,1,1,19,8,12,2,1,0,1,0,0,0,0,1,2376,27775,10,1,65,0,0,0,32,2,20,17,22,4,15,1,3,9,3,3,2135.809058
Kingdom of Tonga,TO,Tongatapu,TO1,Lapaha,TO15,Navutoka,TO1508,345,338,683,Navutoka,135,134,TO1508,1508,Navutoka,20,15,Lapaha,1,Tongatapu,5.13826,12,1508,122171,10805,50,3279,108037,814,42,292,0,77,0,395,13,3279,7,23,10,2,0,0,0,0,39,96.91060442,108.1129207,28.21715527,24.83532392,5.072747014,17.95227097,10.80573248,2.453025478,0.438335358,0.331713244,0.284325638,0.260631835,4.47133758,4.937101911,0.589968153,4.067675159,0.372611465,0.838375796,7.421178344,13945,435,211,202,105,94,35,3,10,11,195,81,128,20,6,0,12,1,0,0,0,8,5374,62816,26,2,177,1,0,0,87,4,215,176,230,44,160,11,29,91,29,31,4830.323133
Kingdom of Tonga,TO,Tongatapu,TO1,Lapaha,TO15,Kolonga,TO1509,627,586,1213,Kolonga,137,136,TO1509,1509,Kolonga,20,15,Lapaha,1,Tongatapu,12.4902,12,1509,254494,17706,763,13998,222027,1751,54,686,20,152,0,828,12,94918,6,16,25,1,0,0,0,0,54,227.6735433,253.9913138,66.29098806,58.34600072,11.917481,42.17554069,14.96178344,3.396496815,0.606925881,0.459295261,0.393681652,0.360874848,6.191082803,6.835987261,0.816878981,5.632165605,0.515923567,1.160828025,10.27547771,17929,560,271,260,135,121,45,4,13,14,251,105,164,26,8,0,16,1,0,0,0,10,9545,111561,757,60,5117,37,13,14,2531,122,276,226,296,57,206,14,37,117,37,40,8578.597307
Kingdom of Tonga,TO,Tongatapu,TO1,Lapaha,TO15,Afa,TO1510,248,242,490,Afa,138,137,TO1510,1510,Afa,20,15,Lapaha,1,Tongatapu,2.1567,12,1510,78084,5500,24,1710,70850,407,29,97,0,0,0,280,1,1710,0,20,3,0,0,0,0,0,29,32.19290626,35.91422367,9.373507058,8.250090481,1.685124864,5.963596862,8.035031847,1.824044586,0.325941677,0.246658566,0.211421628,0.193803159,3.324840764,3.671178344,0.438694268,3.024681529,0.277070064,0.623407643,5.518312102,9628,301,146,140,73,65,24,2,7,7,135,56,88,14,4,0,9,0,0,0,0,6,3856,45066,14,1,92,1,0,0,46,2,148,121,159,31,111,8,20,63,20,21,3465.385557
Kingdom of Tonga,TO,Tongatapu,TO1,Lapaha,TO15,Niutoua,TO1511,364,356,720,Niutoua,140,138,TO1511,1511,Niutoua,20,15,Lapaha,1,Tongatapu,5.52659,12,1511,139865,10656,513,3635,125061,948,58,234,10,36,0,611,0,44095,0,42,7,1,0,0,0,0,58,77.66123779,86.63843648,22.61237785,19.90228013,4.06514658,14.38640893,16.07006369,3.648089172,0.651883354,0.493317132,0.422843256,0.387606318,6.649681529,7.342356688,0.877388535,6.049363057,0.554140127,1.246815287,11.0366242,19257,601,291,279,145,130,49,5,14,15,270,112,176,27,9,0,17,1,0,0,0,11,5666,66219,351,28,2377,17,6,6,1176,57,297,243,318,61,221,15,40,125,40,43,5091.995104
Kingdom of Tonga,TO,Tongatapu,TO1,Lapaha,TO15,'Eueiki,TO1512,35,28,63,Eueiki,147,145,TO1512,1512,Eueiki,20,15,Lapaha,1,Tongatapu,1.14201,12,1512,12920,853,0,1551,10516,79,7,19,0,0,0,54,0,1551,0,7,0,0,0,0,0,0,7,6.305827,7.034744843,1.836047774,1.615997105,0.330076004,1.16812722,1.939490446,0.440286624,0.078675577,0.059538275,0.051032807,0.046780073,0.802547771,0.886146497,0.10589172,0.730095541,0.066878981,0.150477707,1.332006369,2324,73,35,34,18,16,6,1,2,2,33,14,21,3,1,0,2,0,0,0,0,1,496,5794,12,1,84,1,0,0,41,2,36,29,38,7,27,2,5,15,5,5,445.5495716
Kingdom of Tonga,TO,Tongatapu,TO1,Nukunuku,TO16,Nukunuku,TO1601,1103,1002,2105,Nukunuku,87,86,TO1601,1601,Nukunuku,23,16,Nukunuku,1,Tongatapu,6.78055,12,1601,332308,27446,2574,21047,281241,1126,45,621,1,71,0,360,29,25093,13,3,6,10,0,1,0,0,45,265.5936107,103.5,83.81500743,40.60029718,43.06092125,36.60533082,12.46815287,2.830414013,0.505771567,0.382746051,0.328068044,0.30072904,5.159235669,5.696656051,0.680732484,4.693471338,0.429936306,0.967356688,8.562898089,13009,651,563,281,178,146,205,51,84,44,248,129,341,47,8,1,3,15,4,0,0,48,25232,84015,91,6,660,5,8,5,554,40,557,544,273,252,197,108,54,230,249,168,3358.524939
Kingdom of Tonga,TO,Tongatapu,TO1,Nukunuku,TO16,Matahau,TO1602,292,295,587,Matahau,91,90,TO1602,1602,Matahau,23,16,Nukunuku,1,Tongatapu,1.83923,12,1602,83177,7971,300,3881,71025,714,8,438,0,20,0,228,20,3881,1,2,0,0,0,0,0,0,8,187.3268945,73,59.11589896,28.6359584,30.37147103,25.81825266,2.21656051,0.503184713,0.089914945,0.068043742,0.058323208,0.05346294,0.917197452,1.012738854,0.121019108,0.834394904,0.076433121,0.171974522,1.522292994,2313,116,100,50,32,26,36,9,15,8,44,23,61,8,1,0,1,3,1,0,0,8,7036,23428,14,1,102,1,1,1,86,6,99,97,48,45,35,19,10,41,44,30,936.5577859
Kingdom of Tonga,TO,Tongatapu,TO1,Nukunuku,TO16,Matafonua,TO1603,126,127,253,Matafonua,88,87,TO1603,1603,Matafonua,23,16,Nukunuku,1,Tongatapu,1.10626,12,1603,50150,3849,1106,3617,41578,128,26,16,43,19,0,45,0,177595,19,4,1,2,0,0,0,0,5,6.84299158,2.666666667,2.159484894,1.046062407,1.109460129,0.943132517,1.385350318,0.314490446,0.056196841,0.042527339,0.036452005,0.033414338,0.573248408,0.632961783,0.075636943,0.521496815,0.047770701,0.107484076,0.951433121,7516,376,325,162,103,85,118,29,48,25,143,75,197,27,4,1,2,9,2,0,0,28,3033,10098,645,42,4670,36,54,32,3918,284,322,314,158,146,114,62,31,133,144,97,403.6611922
Kingdom of Tonga,TO,Tongatapu,TO1,Nukunuku,TO16,Fatai,TO1604,170,148,318,Fatai,90,89,TO1604,1604,Fatai,23,16,Nukunuku,1,Tongatapu,1.32237,12,1604,54663,6789,56,3488,44330,330,2,95,0,47,0,172,15,3488,2,0,0,0,0,0,0,0,1,40.63026251,15.83333333,12.82194156,6.210995542,6.587419515,5.59984932,0.277070064,0.062898089,0.011239368,0.008505468,0.007290401,0.006682868,0.114649682,0.126592357,0.015127389,0.104299363,0.00955414,0.021496815,0.190286624,578,29,25,12,8,7,9,2,4,2,11,6,15,2,0,0,0,1,0,0,0,2,3812,12692,13,1,92,1,1,1,77,6,25,24,12,11,9,5,2,10,11,7,507.3686131
Kingdom of Tonga,TO,Tongatapu,TO1,Nukunuku,TO16,Lakepa,TO1605,161,148,309,Lakepa,89,88,TO1605,1605,Lakepa,23,16,Nukunuku,1,Tongatapu,2.06534,12,1605,57584,8679,200,4667,44038,323,18,128,5,20,0,150,3,24897,3,2,0,0,0,0,0,0,18,54.74393264,21.33333333,17.27587915,8.368499257,8.87568103,7.545060137,4.987261146,1.132165605,0.202308627,0.15309842,0.131227217,0.120291616,2.063694268,2.27866242,0.272292994,1.877388535,0.171974522,0.386942675,3.425159236,5203,261,225,112,71,59,82,20,33,18,99,52,136,19,3,0,1,6,2,0,0,19,3704,12333,90,6,655,5,8,5,549,40,223,218,109,101,79,43,21,92,100,67,493.0091241
Kingdom of Tonga,TO,Tongatapu,TO1,Nukunuku,TO16,Vaotu'u,TO1606,241,214,455,Vaotu'u,92,91,TO1606,1606,Vaotu'u,23,16,Nukunuku,1,Tongatapu,5.04754,12,1606,71791,7472,21,3339,60959,815,9,452,0,26,12,311,5,3339,3,1,1,1,0,0,0,0,9,193.3145121,75.33333333,61.00544824,29.551263,31.34224864,26.64349361,2.493630573,0.566082803,0.101154313,0.07654921,0.065613609,0.060145808,1.031847134,1.13933121,0.136146497,0.938694268,0.085987261,0.193471338,1.712579618,2602,130,113,56,36,29,41,10,17,9,50,26,68,9,2,0,1,3,1,0,0,10,5454,18160,12,1,88,1,1,1,74,5,111,109,55,50,39,22,11,46,50,34,725.9519465
Kingdom of Tonga,TO,Tongatapu,TO1,Nukunuku,TO16,'Utulau,TO1607,336,312,648,Utulau,101,100,TO1607,1607,Utulau,23,16,Nukunuku,1,Tongatapu,3.10872,12,1607,114486,8694,59,1518,104215,921,12,552,0,51,1,251,59,1518,0,6,1,1,0,4,0,0,6,236.0832095,92,74.50222883,36.08915305,38.27637444,32.53807184,1.662420382,0.377388535,0.067436209,0.051032807,0.043742406,0.040097205,0.687898089,0.75955414,0.090764331,0.625796178,0.057324841,0.128980892,1.141719745,3469,174,150,75,47,39,55,14,22,12,66,34,91,13,2,0,1,4,1,0,0,13,7767,25863,6,0,40,0,0,0,33,2,148,145,73,67,52,29,14,61,66,45,1033.883212
Kingdom of Tonga,TO,Tongatapu,TO1,Nukunuku,TO16,Ha'alalo,TO1608,389,382,771,Ha'alalo,100,99,TO1608,1608,Ha'alalo,23,16,Nukunuku,1,Tongatapu,1.79805,12,1608,73075,7273,1018,1508,63276,377,8,275,0,4,0,90,1,1508,0,8,0,0,0,0,0,0,8,117.6139178,45.83333333,37.11614661,17.97919762,19.06884596,16.21009014,2.21656051,0.503184713,0.089914945,0.068043742,0.058323208,0.05346294,0.917197452,1.012738854,0.121019108,0.834394904,0.076433121,0.171974522,1.522292994,2313,116,100,50,32,26,36,9,15,8,44,23,61,8,1,0,1,3,1,0,0,8,9242,30772,5,0,40,0,0,0,33,2,99,97,48,45,35,19,10,41,44,30,1230.129562
Kingdom of Tonga,TO,Tongatapu,TO1,Nukunuku,TO16,Ha'akame,TO1609,406,428,834,Ha'akame,99,98,TO1609,1609,Ha'akame,23,16,Nukunuku,1,Tongatapu,1.63228,12,1609,90818,30362,4887,5346,50223,423,6,257,0,24,1,117,20,5346,1,0,2,3,0,0,0,0,6,109.9155523,42.83333333,34.6867261,16.80237741,17.82070332,15.14906606,1.662420382,0.377388535,0.067436209,0.051032807,0.043742406,0.040097205,0.687898089,0.75955414,0.090764331,0.625796178,0.057324841,0.128980892,1.141719745,1734,87,75,37,24,20,27,7,11,6,33,17,45,6,1,0,0,2,1,0,0,6,9997,33287,19,1,141,1,2,1,118,9,74,73,36,34,26,14,7,31,33,22,1330.645985
Kingdom of Tonga,TO,Tongatapu,TO1,Nukunuku,TO16,Houma,TO1610,1006,934,1940,"Houma, T",98,97,TO1610,1610,"Houma, T",23,16,Nukunuku,1,Tongatapu,5.66894,12,1610,312653,32046,3158,3791,273658,2044,16,1204,1,77,1,667,78,7837,1,2,4,1,1,0,0,0,16,514.9351164,200.6666667,162.5012382,78.71619614,83.48687469,70.97072191,4.433121019,1.006369427,0.179829891,0.136087485,0.116646416,0.106925881,1.834394904,2.025477707,0.242038217,1.668789809,0.152866242,0.343949045,3.044585987,4625,232,200,100,63,52,73,18,30,16,88,46,121,17,3,0,1,5,1,0,0,17,23254,77429,28,2,206,2,2,1,173,13,198,193,97,90,70,38,19,82,89,60,3095.26764
Kingdom of Tonga,TO,Tongatapu,TO1,Kolovai,TO17,Kolovai,TO1701,286,277,563,Kolovai,84,83,TO1701,1701,Kolovai,25,17,Kolovai,1,Tongatapu,2.57154,12,1701,166105,12773,4953,5618,142761,493,15,233,9,38,0,201,4,42032,0,15,0,0,0,0,0,0,8,116.6702387,39.49537263,17.36434486,23.03896736,12.59766196,14.26955363,2.21656051,0.503184713,0.089914945,0.068043742,0.058323208,0.05346294,0.917197452,1.012738854,0.121019108,0.834394904,0.076433121,0.171974522,1.522292994,1130,245,191,135,36,58,19,10,24,4,75,121,57,4,17,7,5,1,0,0,0,31,3910,15420,355,15,2725,14,21,43,1746,269,248,193,130,49,31,45,8,77,58,49,3717.319144
Kingdom of Tonga,TO,Tongatapu,TO1,Kolovai,TO17,Te'ekiu,TO1702,333,321,654,Te'ekiu,86,85,TO1702,1702,Te'ekiu,25,17,Kolovai,1,Tongatapu,2.24095,12,1702,97755,8102,1825,2170,85658,568,26,295,4,53,0,161,30,18354,1,0,2,16,0,0,0,0,26,147.7155382,50.00487092,21.98490015,29.16950804,15.94982952,18.06660223,7.203821656,1.635350318,0.292223572,0.221142163,0.189550425,0.173754557,2.98089172,3.291401274,0.393312102,2.711783439,0.248407643,0.558917197,4.947452229,1959,424,330,235,62,101,33,17,41,6,130,209,99,8,30,12,9,2,0,0,0,53,4543,17912,155,6,1190,6,9,19,763,118,430,335,225,84,54,77,14,133,100,85,4318.164689
Kingdom of Tonga,TO,Tongatapu,TO1,Kolovai,TO17,Masilamea,TO1703,145,139,284,Masilamea,97,96,TO1703,1703,Masilamea,25,17,Kolovai,1,Tongatapu,1.58056,12,1703,35026,3700,153,301,30872,301,2,124,1,16,0,141,17,4347,0,0,0,1,0,0,0,0,2,62.09059912,21.01899659,9.24111057,12.26108134,6.704335119,7.59409721,0.554140127,0.125796178,0.022478736,0.017010936,0.014580802,0.013365735,0.229299363,0.253184713,0.030254777,0.208598726,0.01910828,0.042993631,0.380573248,151,33,25,18,5,8,3,1,3,0,10,16,8,1,2,1,1,0,0,0,0,4,1973,7778,37,2,282,1,2,4,181,28,33,26,17,6,4,6,1,10,8,7,1875.166318
Kingdom of Tonga,TO,Tongatapu,TO1,Kolovai,TO17,Fahefa,TO1704,272,217,489,Fahefa,93,92,TO1704,1704,Fahefa,25,17,Kolovai,1,Tongatapu,2.4685,12,1704,81374,6134,2049,1569,71622,679,9,330,1,82,0,251,7,5615,1,0,1,1,0,0,0,0,9,165.2411106,55.93765222,24.59327813,32.63029713,17.84218217,20.21009741,2.493630573,0.566082803,0.101154313,0.07654921,0.065613609,0.060145808,1.031847134,1.13933121,0.136146497,0.938694268,0.085987261,0.193471338,1.712579618,678,147,114,81,22,35,11,6,14,2,45,72,34,3,10,4,3,1,0,0,0,18,3396,13393,47,2,364,2,3,6,233,36,149,116,78,29,19,27,5,46,35,30,3228.71947
Kingdom of Tonga,TO,Tongatapu,TO1,Kolovai,TO17,Ha'utu,TO1705,115,101,216,Ha'utu,95,94,TO1705,1705,Ha'utu,25,17,Kolovai,1,Tongatapu,1.62297,12,1705,41216,2319,674,1079,37144,219,3,111,0,3,0,102,0,1079,0,0,2,1,0,0,0,0,3,55.58110083,18.81539211,8.272284462,10.9756454,6.001461276,6.797941857,0.831210191,0.188694268,0.033718104,0.025516403,0.021871203,0.020048603,0.343949045,0.37977707,0.045382166,0.312898089,0.02866242,0.064490446,0.570859873,226,49,38,27,7,12,4,2,5,1,15,24,11,1,3,1,1,0,0,0,0,6,1500,5916,9,0,70,0,1,1,45,7,50,39,26,10,6,9,2,15,12,10,1426.182833
Kingdom of Tonga,TO,Tongatapu,TO1,Kolovai,TO17,Kala'au,TO1706,91,73,164,Kala'au,94,93,TO1706,1706,Kala'au,25,17,Kolovai,1,Tongatapu,1.53796,12,1706,28247,1890,906,245,25206,222,1,120,0,8,0,58,36,245,0,0,0,1,0,0,0,0,0,60.08767657,20.34096444,8.943010229,11.86556259,6.488066245,7.349126332,0,0,0,0,0,0,0,0,0,0,0,0,0,75,16,13,9,2,4,1,1,2,0,5,8,4,0,1,0,0,0,0,0,0,2,1139,4492,2,0,16,0,0,0,10,2,17,13,9,3,2,3,1,5,4,3,1082.842522
Kingdom of Tonga,TO,Tongatapu,TO1,Kolovai,TO17,Fo'ui,TO1707,321,305,626,Fo'ui,96,95,TO1707,1707,Fo'ui,28,17,Kolovai,1,Tongatapu,3.67985,12,1707,86508,7436,198,762,78112,683,9,420,0,52,8,176,24,762,2,0,6,1,0,0,0,0,4,210.306868,71.19337555,31.3005358,41.52946907,22.70823186,25.72194216,1.108280255,0.251592357,0.044957473,0.034021871,0.029161604,0.02673147,0.458598726,0.506369427,0.060509554,0.417197452,0.038216561,0.085987261,0.761146497,678,147,114,81,22,35,11,6,14,2,45,72,34,3,10,4,3,1,0,0,0,18,4348,17145,6,0,49,0,0,1,32,5,149,116,78,29,19,27,5,46,35,30,4133.289137
Kingdom of Tonga,TO,Tongatapu,TO1,Kolovai,TO17,Ha'avakatolo,TO1708,114,100,214,Ha'avakatolo,85,84,TO1708,1708,Ha'avakatolo,30,17,Kolovai,1,Tongatapu,1.01658,12,1708,55995,3858,996,2487,48654,170,0,56,0,16,0,95,4,2487,0,0,0,0,0,0,0,0,0,28.04091573,9.492450073,4.173404774,5.537262543,3.027764247,3.429592288,0,0,0,0,0,0,0,0,0,0,0,0,0,0,0,0,0,0,0,0,0,0,0,0,0,0,0,0,0,0,0,0,0,0,0,1486,5861,21,1,161,1,1,3,103,16,0,0,0,0,0,0,0,0,0,0,1412.977437
Kingdom of Tonga,TO,Tongatapu,TO1,Kolovai,TO17,'Ahau,TO1709,222,177,399,Ahau,83,82,TO1709,1709,Ahau,30,17,Kolovai,1,Tongatapu,1.14762,12,1709,52673,5565,55,590,46463,221,8,157,0,24,0,30,6,590,1,6,0,0,1,0,0,0,4,78.61471018,26.61276181,11.70043838,15.52411106,8.488553337,9.615106951,1.108280255,0.251592357,0.044957473,0.034021871,0.029161604,0.02673147,0.458598726,0.506369427,0.060509554,0.417197452,0.038216561,0.085987261,0.761146497,603,130,102,72,19,31,10,5,13,2,40,64,31,2,9,4,3,1,0,0,0,16,2771,10928,5,0,38,0,0,1,25,4,132,103,69,26,17,24,4,41,31,26,2634.476622
Kingdom of Tonga,TO,Tongatapu,TO1,Kolovai,TO17,Kanokupolu,TO1710,184,170,354,Kanokupolu,82,81,TO1710,1710,Kanokupolu,30,17,Kolovai,1,Tongatapu,1.52622,12,1710,44759,3808,199,462,40290,160,3,79,0,15,0,57,8,462,0,1,2,0,0,0,0,0,1,39.55772041,13.39113492,5.887481734,7.811495373,4.271310278,4.838174835,0.277070064,0.062898089,0.011239368,0.008505468,0.007290401,0.006682868,0.114649682,0.126592357,0.015127389,0.104299363,0.00955414,0.021496815,0.190286624,226,49,38,27,7,12,4,2,5,1,15,24,11,1,3,1,1,0,0,0,0,6,2459,9696,4,0,30,0,0,0,19,3,50,39,26,10,6,9,2,15,12,10,2337.355199
Kingdom of Tonga,TO,Tongatapu,TO1,Kolovai,TO17,Ha'atafu,TO1711,117,113,230,Ha'atafu,81,80,TO1711,1711,Ha'atafu,30,17,Kolovai,1,Tongatapu,0.998522,12,1711,33027,2742,27,466,29792,171,4,94,0,0,0,72,3,466,1,3,0,0,0,0,0,0,2,47.06867998,15.93375548,7.005358013,9.294690697,5.082318558,5.756815627,0.554140127,0.125796178,0.022478736,0.017010936,0.014580802,0.013365735,0.229299363,0.253184713,0.030254777,0.208598726,0.01910828,0.042993631,0.380573248,301,65,51,36,10,16,5,3,6,1,20,32,15,1,5,2,1,0,0,0,0,8,1598,6299,4,0,30,0,0,0,19,3,66,52,35,13,8,12,2,20,15,13,1518.620609
Kingdom of Tonga,TO,Tongatapu,TO1,Kolovai,TO17,'Atata,TO1712,57,49,106,Atataa,145,143,TO1712,1712,Atataa,33,17,Kolovai,1,Tongatapu,0.654487,12,1712,26390,3030,783,503,22074,86,2,34,0,0,0,47,3,503,1,0,0,1,0,0,0,0,1,17.0248417,5.763273259,2.533852898,3.361909401,1.838285436,2.082252461,0.277070064,0.062898089,0.011239368,0.008505468,0.007290401,0.006682868,0.114649682,0.126592357,0.015127389,0.104299363,0.00955414,0.021496815,0.190286624,151,33,25,18,5,8,3,1,3,0,10,16,8,1,2,1,1,0,0,0,0,4,736,2903,4,0,33,0,0,1,21,3,33,26,17,6,4,6,1,10,8,7,699.88602
Kingdom of Tonga,TO,Vava'u,TO2,Neiafu,TO21,Neiafu,TO2101,1959,1886,3845,Neiafu,2,2,TO2101,2101,Neiafu,0,21,Neiafu,2,Vava'u,7.68478,12,2101,897432,259697,33751,17095,586889,314,120,81,1,5,0,151,60,21141,70,1,29,20,0,0,0,0,16,54.675,55.6875,15.8625,10.8,12.4875,39.34539474,0.504504505,0.288288288,0.179829891,0.136087485,0.116646416,0.106925881,0.792792793,3.267267267,0.12012012,0.456456456,0.072072072,0.024024024,0.12012012,2870,336,128,104,71,31,35,56,9,7,105,40,402,25,0,0,0,0,0,59,0,116,10826,69232,1018,307,4672,39,51,151,3000,6,967,751,1120,143,454,189,394,189,566,460,12731.33346
Kingdom of Tonga,TO,Vava'u,TO2,Neiafu,TO21,Makave,TO2102,177,178,355,Makave,3,3,TO2102,2102,Makave,0,21,Neiafu,2,Vava'u,2.88341,12,2102,89064,26628,4297,1953,56186,188,16,77,0,15,0,55,36,1953,11,1,2,2,0,0,0,0,5,51.975,52.9375,15.07916667,10.26666667,11.87083333,37.40241228,0.157657658,0.09009009,0.056196841,0.042527339,0.036452005,0.033414338,0.247747748,1.021021021,0.037537538,0.142642643,0.022522523,0.007507508,0.037537538,383,45,17,14,9,4,5,7,1,1,14,5,54,3,0,0,0,0,0,8,0,15,1000,6392,94,28,432,4,5,14,277,1,129,100,149,19,61,25,53,25,75,61,1175.454715
Kingdom of Tonga,TO,Vava'u,TO2,Neiafu,TO21,Toula,TO2103,195,194,389,Toula,1,1,TO2103,2103,Toula,0,21,Neiafu,2,Vava'u,1.11594,12,2103,76705,24554,4040,1456,46655,119,11,36,0,0,0,82,0,1456,4,0,3,4,0,0,0,0,1,24.3,24.75,7.05,4.8,5.55,17.48684211,0.031531532,0.018018018,0.011239368,0.008505468,0.007290401,0.006682868,0.04954955,0.204204204,0.007507508,0.028528529,0.004504505,0.001501502,0.007507508,263,31,12,10,7,3,3,5,1,1,10,4,37,2,0,0,0,0,0,5,0,11,1095,7004,70,21,322,3,3,10,207,0,89,69,103,13,42,17,36,17,52,42,1288.033476
Kingdom of Tonga,TO,Vava'u,TO2,Neiafu,TO21,'Utui,TO2104,158,149,307,Utui,11,11,TO2104,2104,Utui,0,21,Neiafu,2,Vava'u,1.31135,12,2104,52180,10906,1859,1519,37896,102,5,29,0,10,0,24,34,1519,1,0,0,1,0,0,0,0,5,19.575,19.9375,5.679166667,3.866666667,4.470833333,14.08662281,0.157657658,0.09009009,0.056196841,0.042527339,0.036452005,0.033414338,0.247747748,1.021021021,0.037537538,0.142642643,0.022522523,0.007507508,0.037537538,120,14,5,4,3,1,1,2,0,0,4,2,17,1,0,0,0,0,0,2,0,5,864,5528,73,22,336,3,4,11,216,0,40,31,47,6,19,8,16,8,24,19,1016.519993
Kingdom of Tonga,TO,Vava'u,TO2,Neiafu,TO21,Ofu,TO2105,58,68,126,Ofu Is,33,32,TO2105,2105,Ofu Is,0,21,Neiafu,2,Vava'u,1.33658,12,2105,17612,4612,29,492,12479,69,1,14,2,0,0,52,0,8584,0,0,0,1,0,0,0,0,1,9.45,9.625,2.741666667,1.866666667,2.158333333,6.800438596,0.031531532,0.018018018,0.011239368,0.008505468,0.007290401,0.006682868,0.04954955,0.204204204,0.007507508,0.028528529,0.004504505,0.001501502,0.007507508,24,3,1,1,1,0,0,0,0,0,1,0,3,0,0,0,0,0,0,0,0,1,355,2269,413,125,1897,16,21,61,1218,3,8,6,9,1,4,2,3,2,5,4,417.2036452
Kingdom of Tonga,TO,Vava'u,TO2,Neiafu,TO21,Okoa,TO2106,138,137,275,Okoa Is,12,12,TO2106,2106,Okoa Is,0,21,Neiafu,2,Vava'u,0.797098,12,2106,35745,13583,1408,1253,19501,16,10,2,0,0,0,4,10,1253,7,0,2,1,0,0,0,0,1,1.35,1.375,0.391666667,0.266666667,0.308333333,0.971491228,0.031531532,0.018018018,0.011239368,0.008505468,0.007290401,0.006682868,0.04954955,0.204204204,0.007507508,0.028528529,0.004504505,0.001501502,0.007507508,239,28,11,9,6,3,3,5,1,1,9,3,33,2,0,0,0,0,0,5,0,10,774,4952,60,18,277,2,3,9,178,0,81,63,93,12,38,16,33,16,47,38,910.5635113
Kingdom of Tonga,TO,Vava'u,TO2,Neiafu,TO21,Olo'ua,TO2107,40,40,80,Olo'ua Is,30,30,TO2107,2107,Olo'ua Is,0,21,Neiafu,2,Vava'u,0.4337,12,2107,9880,1309,0,297,8274,2,1,1,0,0,0,0,1,297,0,0,1,0,0,0,0,0,0,0.675,0.6875,0.195833333,0.133333333,0.154166667,0.485745614,0,0,0,0,0,0,0,0,0,0,0,0,0,24,3,1,1,1,0,0,0,0,0,1,0,3,0,0,0,0,0,0,0,0,1,225,1440,14,4,66,1,1,2,42,0,8,6,9,1,4,2,3,2,5,4,264.8912033
Kingdom of Tonga,TO,Vava'u,TO2,Kolofo'ou,TO22,Pangaimotu,TO2201,364,332,696,,4,4,TO2201,2201,Pangaimotu,0,22,Pangaimotu,2,Vava'u,4.69218,12,2201,94984,8339,446,1455,84744,777,20,120,0,55,4,466,112,1455,2,0,9,9,0,0,0,0,20,48.37696335,18.84816754,8.795811518,7.539267016,2.513089005,22.65086801,0.630630631,0.36036036,0.224787363,0.170109356,0.145808019,0.133657351,0.990990991,4.084084084,0.15015015,0.570570571,0.09009009,0.03003003,0.15015015,13454,504,332,178,304,29,6,55,21,12,115,0,75,35,31,0,10,0,0,0,0,5,882,40724,572,0,1434,63,7,21,1341,0,417,122,178,46,58,5,418,40,59,59,6831.561097
Kingdom of Tonga,TO,Vava'u,TO2,Pangaimotu,TO22,'Utulei,TO2202,50,51,101,Utulei,7,7,TO2202,2202,Utulei,0,22,Pangaimotu,2,Vava'u,3.12648,12,2202,30231,2222,165,83,27761,231,2,30,0,4,0,143,52,83,0,0,0,0,0,0,0,0,2,12.09424084,4.712041885,2.19895288,1.884816754,0.628272251,5.662717002,0.063063063,0.036036036,0.022478736,0.017010936,0.014580802,0.013365735,0.099099099,0.408408408,0.015015015,0.057057057,0.009009009,0.003003003,0.015015015,1345,50,33,18,30,3,1,6,2,1,12,0,7,3,3,0,1,0,0,0,0,1,128,5910,33,0,82,4,0,1,77,0,42,12,18,5,6,1,42,4,6,6,991.361596
Kingdom of Tonga,TO,Vava'u,TO2,Pangaimotu,TO22,Nga'unoho,TO2203,75,65,140,Nga'unoho,5,5,TO2203,2203,Nga'unoho,0,22,Pangaimotu,2,Vava'u,0.558524,12,2203,23047,2272,180,68,20527,137,4,9,0,0,0,117,7,68,0,0,3,1,0,0,0,0,4,3.628272251,1.413612565,0.659685864,0.565445026,0.188481675,1.698815101,0.126126126,0.072072072,0.044957473,0.034021871,0.029161604,0.02673147,0.198198198,0.816816817,0.03003003,0.114114114,0.018018018,0.006006006,0.03003003,2691,101,66,36,61,6,1,11,4,2,23,0,15,7,6,0,2,0,0,0,0,1,177,8192,27,0,67,3,0,1,63,0,83,24,36,9,12,1,84,8,12,12,1374.164589
Kingdom of Tonga,TO,Vava'u,TO2,Pangaimotu,TO22,'Utungake,TO2204,140,126,266,Utungake,6,6,TO2204,2204,Utungake,0,22,Pangaimotu,2,Vava'u,1.61959,12,2204,48171,4361,341,145,43324,232,13,32,0,36,0,134,19,145,1,0,8,4,0,0,0,0,11,12.90052356,5.02617801,2.345549738,2.010471204,0.670157068,6.040231469,0.346846847,0.198198198,0.12363305,0.093560146,0.080194411,0.073511543,0.545045045,2.246246246,0.082582583,0.313813814,0.04954955,0.016516517,0.082582583,8745,328,216,116,197,19,4,36,13,8,75,0,49,23,20,0,7,0,0,0,0,3,337,15564,57,0,143,6,1,2,134,0,271,79,116,30,38,3,272,26,39,39,2610.912718
Kingdom of Tonga,TO,Vava'u,TO2,Hahake,TO23,Ha'alaufuli,TO2301,210,221,431,Ha'alaufuli,26,26,TO2301,2301,Ha'alaufuli,0,23,Hahake,2,Vava'u,6.32201,12,2301,73240,6731,118,1168,65223,542,20,76,0,8,8,365,65,1168,4,0,9,7,0,0,0,0,19,26.24624625,30.58258258,4.792792793,2.510510511,1.825825826,17.35735736,0.599099099,0.342342342,0.213547995,0.161603888,0.138517618,0.126974484,0.941441441,3.87987988,0.142642643,0.542042042,0.085585586,0.028528529,0.142642643,9894,268,165,93,140,38,42,71,14,111,146,72,75,59,84,10,0,0,0,12,0,120,6416,59169,5,0,27,1,0,0,22,0,186,110,132,20,55,50,304,52,47,47,2899.59853
Kingdom of Tonga,TO,Vava'u,TO2,Hahake,TO23,Ha'akio,TO2302,75,60,135,Ha'akio,24,24,TO2302,2302,Ha'akio,0,23,Hahake,2,Vava'u,1.48104,12,2302,26425,1736,380,1332,22977,106,9,19,0,24,0,50,4,1332,4,0,1,4,0,0,0,0,8,6.561561562,7.645645646,1.198198198,0.627627628,0.456456456,4.339339339,0.252252252,0.144144144,0.089914945,0.068043742,0.058323208,0.05346294,0.396396396,1.633633634,0.06006006,0.228228228,0.036036036,0.012012012,0.06006006,4452,121,74,42,63,17,19,32,6,50,66,32,34,27,38,5,0,0,0,5,0,54,2009,18533,6,0,30,1,0,0,26,0,84,50,59,9,25,23,137,23,21,21,908.2269178
Kingdom of Tonga,TO,Vava'u,TO2,Nukunuku,TO23,Houma,TO2303,95,94,189,"Houma, V",23,23,TO2303,2303,"Houma, V",0,23,Hahake,2,Vava'u,1.87899,12,2303,25315,2387,196,478,22254,148,10,15,9,0,0,110,3,36892,4,1,4,0,0,0,0,0,10,5.18018018,6.036036036,0.945945946,0.495495495,0.36036036,3.425794215,0.315315315,0.18018018,0.112393682,0.085054678,0.07290401,0.066828676,0.495495495,2.042042042,0.075075075,0.285285285,0.045045045,0.015015015,0.075075075,4947,134,82,46,70,19,21,36,7,55,73,36,38,30,42,5,0,0,0,6,0,60,2813,25946,156,0,838,24,7,12,707,2,93,55,66,10,28,25,152,26,23,24,1271.517685
Kingdom of Tonga,TO,Vava'u,TO2,Hahake,TO23,Mangia,TO2304,60,46,106,Mangia,22,22,TO2304,2304,Mangia,0,23,Hahake,2,Vava'u,0.763423,12,2304,20730,1200,135,211,19184,180,15,26,1,40,1,75,22,4257,7,0,0,1,0,0,0,0,15,8.978978979,10.46246246,1.63963964,0.858858859,0.624624625,5.938043306,0.472972973,0.27027027,0.168590522,0.127582017,0.109356015,0.100243013,0.743243243,3.063063063,0.112612613,0.427927928,0.067567568,0.022522523,0.112612613,7420,201,123,70,105,28,32,53,11,83,110,54,56,45,63,8,0,0,0,9,0,90,1578,14552,18,0,97,3,1,1,82,0,139,83,99,15,42,38,228,39,35,36,713.1263206
Kingdom of Tonga,TO,Vava'u,TO2,Hahake,TO23,Ta'anea,TO2305,332,317,649,Ta'anea,25,25,TO2305,2305,Ta'anea,0,23,Hahake,2,Vava'u,2.8363,12,2305,90425,10877,303,3073,76172,628,14,88,24,74,0,361,68,100177,13,0,0,1,0,0,0,0,14,30.39039039,35.41141141,5.54954955,2.906906907,2.114114114,20.09799273,0.441441441,0.252252252,0.157351154,0.119076549,0.102065614,0.093560146,0.693693694,2.858858859,0.105105105,0.399399399,0.063063063,0.021021021,0.105105105,6926,188,115,65,98,26,29,50,10,77,102,50,53,42,59,7,0,0,0,8,0,84,9660,89097,423,1,2276,64,20,33,1919,6,130,77,92,14,39,35,213,36,33,33,4366.216812
Kingdom of Tonga,TO,Vava'u,TO2,Hahake,TO23,Tu'anekivale,TO2306,194,205,399,Tu'anekivale,27,27,TO2306,2306,Tu'anekivale,0,23,Hahake,2,Vava'u,5.00235,12,2306,70595,5655,103,1573,63264,513,3,57,6,31,0,366,50,25849,1,0,2,0,0,0,0,0,3,19.68468468,22.93693694,3.594594595,1.882882883,1.369369369,13.01801802,0.094594595,0.054054054,0.033718104,0.025516403,0.021871203,0.020048603,0.148648649,0.612612613,0.022522523,0.085585586,0.013513514,0.004504505,0.022522523,1484,40,25,14,21,6,6,11,2,17,22,11,11,9,13,2,0,0,0,2,0,18,5939,54776,109,0,587,17,5,9,495,2,28,17,20,3,8,8,46,8,7,7,2684.315113
Kingdom of Tonga,TO,Vava'u,TO2,Hahake,TO23,Koloa,TO2307,74,80,154,Koloa,29,29,TO2307,2307,Koloa,0,23,Hahake,2,Vava'u,1.13549,12,2307,29119,2404,257,308,26150,122,16,21,6,2,8,75,4,24584,12,0,1,3,0,0,0,0,5,7.252252252,8.45045045,1.324324324,0.693693694,0.504504505,4.796111901,0.157657658,0.09009009,0.056196841,0.042527339,0.036452005,0.033414338,0.247747748,1.021021021,0.037537538,0.142642643,0.022522523,0.007507508,0.037537538,7915,215,132,74,112,30,34,57,12,88,117,58,60,48,67,8,0,0,0,10,0,96,2292,21142,104,0,558,16,5,8,471,2,148,88,105,16,44,40,243,41,37,38,1036.051447
Kingdom of Tonga,TO,Vava'u,TO2,Hahake,TO23,Holeva,TO2308,55,59,114,Holeva,28,28,TO2308,2308,Holeva,0,23,Hahake,2,Vava'u,0.774823,12,2308,19017,1581,63,267,17106,85,13,31,0,0,0,36,6,267,1,0,5,3,0,0,0,0,13,10.70570571,12.47447447,1.954954955,1.024024024,0.744744745,7.079974712,0.40990991,0.234234234,0.146111786,0.110571081,0.094775213,0.086877278,0.644144144,2.654654655,0.097597598,0.370870871,0.058558559,0.01951952,0.097597598,6431,174,107,60,91,25,27,46,9,72,95,47,49,39,54,7,0,0,0,8,0,78,1697,15650,1,0,6,0,0,0,5,0,121,72,86,13,36,33,197,34,30,31,766.947175
Kingdom of Tonga,TO,Vava'u,TO2,Leimatu'a,TO24,Leimatu'a,TO2401,727,702,1429,Leimatu'a,18,18,TO2401,2401,Leimatu'a,0,24,Leimatu'a,2,Vava'u,15.8665,12,2401,171469,16098,1354,1559,152458,2077,310,419,16,32,0,1086,214,66295,179,0,57,31,0,0,0,0,310,97.0933126,71.67962675,39.09797823,35.83981337,20.85225505,69.62183842,9.774774775,5.585585586,3.484204131,2.636695018,2.260024301,2.071688943,15.36036036,63.3033033,2.327327327,8.843843844,1.396396396,0.465465465,2.327327327,34457,1209,920,326,413,177,25,342,14,139,232,193,147,113,1,89,11,0,109,0,0,94,4922,89645,723,6,2861,100,76,14,1863,7,581,335,484,118,127,64,619,141,372,104,1854.268013
Kingdom of Tonga,TO,Vava'u,TO2,Tatakamotonga,TO24,Holonga,TO2402,180,234,414,Holonga,19,19,TO2402,2402,Holonga,0,24,Leimatu'a,2,Vava'u,6.30885,12,2402,62578,5865,352,2000,54361,756,21,75,1,56,0,520,83,6046,12,0,3,6,0,0,0,0,21,17.37947123,12.83048212,6.99844479,6.415241058,3.732503888,12.46214292,0.662162162,0.378378378,0.236026731,0.178614824,0.15309842,0.140340219,1.040540541,4.288288288,0.157657658,0.599099099,0.094594595,0.031531532,0.157657658,2334,82,62,22,28,12,2,23,1,9,16,13,10,8,0,6,1,0,7,0,0,6,1426,25971,66,1,261,9,7,1,170,1,39,23,33,8,9,4,42,10,25,7,537.2057083
Kingdom of Tonga,TO,Vava'u,TO2,Leimatu'a,TO24,Feletoa,TO2403,229,247,476,Feletoa,21,21,TO2403,2403,Feletoa,0,24,Leimatu'a,2,Vava'u,3.07679,12,2403,57450,4866,806,1205,50573,376,35,52,4,35,0,222,28,17389,21,0,8,5,0,0,0,0,35,12.04976672,8.895800933,4.852255054,4.447900467,2.587869362,8.640419088,1.103603604,0.630630631,0.393377886,0.297691373,0.255164034,0.233900365,1.734234234,7.147147147,0.262762763,0.998498498,0.157657658,0.052552553,0.262762763,3890,137,104,37,47,20,3,39,2,16,26,22,17,13,0,10,1,0,12,0,0,11,1639,29861,190,2,751,26,20,4,489,2,66,38,55,13,14,7,70,16,42,12,617.6568047
Kingdom of Tonga,TO,Vava'u,TO2,Leimatu'a,TO24,Mataika,TO2404,270,284,554,Mataika,20,20,TO2404,2404,Mataika,0,24,Leimatu'a,2,Vava'u,3.80291,12,2404,126340,7406,1381,2074,115479,747,87,97,4,20,0,342,237,18258,66,0,8,13,0,0,0,0,48,22.47744946,16.5940902,9.051321928,8.297045101,4.827371695,16.11770484,1.513513514,0.864864865,0.539489672,0.408262454,0.349939247,0.320777643,2.378378378,9.801801802,0.36036036,1.369369369,0.216216216,0.072072072,0.36036036,9670,339,258,92,116,50,7,96,4,39,65,54,41,32,0,25,3,0,31,0,0,26,1908,34754,199,2,788,28,21,4,513,2,163,94,136,33,36,18,174,40,104,29,718.8694744
Kingdom of Tonga,TO,Vava'u,TO2,Hihifo,TO25,Longomapu,TO2501,289,289,578,Longomapu,14,14,TO2501,2501,Longomapu,0,25,Hihifo,2,Vava'u,8.35212,12,2501,108323,8215,1789,1059,97260,814,186,202,0,12,0,333,81,1059,104,1,48,18,5,0,0,0,186,59.04615385,27.68671329,26.55664336,7.91048951,12.9958042,35.31468531,5.864864865,3.351351351,2.090522479,1.582017011,1.356014581,1.243013366,9.216216216,37.98198198,1.396396396,5.306306306,0.837837838,0.279279279,1.396396396,10455,321,280,79,72,77,29,116,7,32,270,75,138,191,2,0,0,0,0,67,8,48,1929,89491,60,5,386,22,1,7,276,0,206,121,169,26,51,48,182,38,131,54,2230.25677
Kingdom of Tonga,TO,Vava'u,TO2,Hihifo,TO25,Taoa,TO2502,261,232,493,Taoa,16,16,TO2502,2502,Taoa,0,25,Hihifo,2,Vava'u,4.54558,12,2502,146225,8612,319,6643,130651,692,132,103,0,0,0,330,138,6643,99,0,18,15,0,0,0,0,121,30.10769231,14.11748252,13.54125874,4.033566434,6.626573427,18.00699301,3.815315315,2.18018018,1.359963548,1.029161604,0.882138518,0.808626974,5.995495495,24.70870871,0.908408408,3.451951952,0.545045045,0.181681682,0.908408408,7420,228,199,56,51,55,21,82,5,23,191,53,98,135,2,0,0,0,0,47,6,34,1646,76331,378,28,2419,140,7,45,1733,1,146,86,120,19,36,34,129,27,93,38,1902.277834
Kingdom of Tonga,TO,Vava'u,TO2,Hihifo,TO25,Tefisi,TO2503,251,260,511,Tefisi,17,17,TO2503,2503,Tefisi,0,25,Hihifo,2,Vava'u,7.15175,12,2503,148826,6857,2833,1653,137483,1060,214,255,0,19,0,391,181,1653,73,1,36,53,1,0,0,0,214,74.53846154,34.95104895,33.52447552,9.986013986,16.40559441,44.58041958,6.747747748,3.855855856,2.405224787,1.820170109,1.560145808,1.430133657,10.6036036,43.6996997,1.606606607,6.105105105,0.963963964,0.321321321,1.606606607,12029,369,322,90,82,89,34,134,8,36,310,86,159,219,2,0,0,0,0,77,9,55,1706,79118,94,7,602,35,2,11,431,0,237,139,195,30,59,55,209,44,150,62,1971.732197
Kingdom of Tonga,TO,Vava'u,TO2,Hihifo,TO25,Vaimalo,TO2504,62,52,114,Vaimalo,15,15,TO2504,2504,Vaimalo,0,25,Hihifo,2,Vava'u,1.53089,12,2504,14994,1052,20,70,13852,158,42,37,0,0,0,61,18,70,25,0,4,3,0,0,0,0,42,10.81538462,5.071328671,4.864335664,1.448951049,2.38041958,6.468531469,1.324324324,0.756756757,0.472053463,0.357229648,0.306196841,0.280680437,2.081081081,8.576576577,0.315315315,1.198198198,0.189189189,0.063063063,0.315315315,2361,72,63,18,16,17,7,26,2,7,61,17,31,43,0,0,0,0,0,15,2,11,381,17651,4,0,25,1,0,0,18,0,47,27,38,6,12,11,41,9,29,12,439.8776329
Kingdom of Tonga,TO,Vava'u,TO2,Hihifo,TO25,Tu'anuku,TO2505,145,153,298,Tu'anuku,13,13,TO2505,2505,Tu'anuku,0,25,Hihifo,2,Vava'u,8.39642,12,2505,56228,4676,1113,670,49769,692,124,118,0,68,0,254,128,670,61,0,49,3,2,0,0,0,124,34.49230769,16.17342657,15.51328671,4.620979021,7.591608392,20.62937063,3.90990991,2.234234234,1.393681652,1.054678007,0.904009721,0.828675577,6.144144144,25.32132132,0.930930931,3.537537538,0.558558559,0.186186186,0.930930931,6970,214,187,52,48,51,20,77,5,21,180,50,92,127,1,0,0,0,0,44,5,32,995,46139,38,3,244,14,1,5,175,0,138,81,113,18,34,32,121,25,87,36,1149.855567
Kingdom of Tonga,TO,Vava'u,TO2,Motu,TO26,Kapa,TO2601,17,13,30,Kapa,9,9,TO2601,2601,Kapa,0,26,Motu,2,Vava'u,2.23639,12,2601,11400,3004,702,54,7640,87,5,7,0,0,0,66,8,54,1,0,0,4,0,0,0,0,5,2.787330317,1.552036199,0.380090498,0.50678733,0.126696833,1.408668731,0.157657658,0.09009009,0.056196841,0.042527339,0.036452005,0.033414338,0.247747748,1.021021021,0.037537538,0.142642643,0.022522523,0.007507508,0.037537538,1145,50,21,25,34,15,6,4,2,2,27,0,9,0,0,0,0,0,0,0,0,4,784,2507,1,0,22,0,0,2,13,0,31,22,4,10,13,17,17,5,2,3,685.7209302
Kingdom of Tonga,TO,Vava'u,TO2,Motu,TO26,Falevai,TO2602,34,39,73,Falevai,8,8,TO2602,2602,Falevai,0,26,Motu,2,Vava'u,2.20328,12,2602,19760,8664,0,11,11085,175,21,45,0,0,0,98,12,11,17,0,3,1,0,0,0,0,20,17.91855204,9.977375566,2.443438914,3.257918552,0.814479638,9.055727554,0.630630631,0.36036036,0.224787363,0.170109356,0.145808019,0.133657351,0.990990991,4.084084084,0.15015015,0.570570571,0.09009009,0.03003003,0.15015015,4809,210,89,104,145,62,25,17,9,7,112,0,40,0,0,0,0,0,0,0,0,17,1907,6100,0,0,5,0,0,0,3,0,130,93,16,41,55,72,73,19,10,12,1668.587597
Kingdom of Tonga,TO,Vava'u,TO2,Motu,TO26,'Otea,TO2603,35,27,62,Otea,10,10,TO2603,2603,Otea,0,26,Motu,2,Vava'u,1.76965,12,2603,16720,3053,0,487,13180,139,14,26,0,0,0,93,8,487,3,1,2,8,0,0,0,0,12,10.35294118,5.764705882,1.411764706,1.882352941,0.470588235,5.232198142,0.378378378,0.216216216,0.134872418,0.102065614,0.087484812,0.080194411,0.594594595,2.45045045,0.09009009,0.342342342,0.054054054,0.018018018,0.09009009,3206,140,60,69,97,42,17,11,6,5,75,0,26,0,0,0,0,0,0,0,0,11,1620,5181,10,0,202,4,1,14,118,0,86,62,11,28,37,48,49,13,7,8,1417.156589
Kingdom of Tonga,TO,Vava'u,TO2,Motu,TO26,Lape,TO2604,7,9,16,Lape Is,38,36,TO2604,2604,Lape Is,0,26,Motu,2,Vava'u,0.40684,12,2604,6080,1448,0,11,4621,48,0,9,0,0,0,39,0,11,0,0,0,0,0,0,0,0,0,3.583710407,1.995475113,0.488687783,0.65158371,0.162895928,1.811145511,0,0,0,0,0,0,0,0,0,0,0,0,0,0,0,0,0,0,0,0,0,0,0,0,0,0,0,0,0,0,0,0,0,0,0,418,1337,0,0,5,0,0,0,3,0,0,0,0,0,0,0,0,0,0,0,365.7178295
Kingdom of Tonga,TO,Vava'u,TO2,Motu,TO26,Matamaka,TO2605,40,34,74,Matamaka,151,151,TO2605,2605,Matamaka,0,26,Motu,2,Vava'u,0.358943,12,2605,19760,2439,0,243,17078,93,5,19,0,0,0,62,6,243,1,0,2,2,0,0,0,0,5,7.56561086,4.212669683,1.031674208,1.375565611,0.343891403,3.823529412,0.157657658,0.09009009,0.056196841,0.042527339,0.036452005,0.033414338,0.247747748,1.021021021,0.037537538,0.142642643,0.022522523,0.007507508,0.037537538,1145,50,21,25,34,15,6,4,2,2,27,0,9,0,0,0,0,0,0,0,0,4,1933,6184,5,0,101,2,1,7,59,0,31,22,4,10,13,17,17,5,2,3,1691.444961
Kingdom of Tonga,TO,Vava'u,TO2,Motu,TO26,Nuapapu,TO2606,45,41,86,Nuapapu,39,37,TO2606,2606,Nuapapu,0,26,Motu,2,Vava'u,2.39996,12,2606,25080,4570,0,222,20288,197,18,44,1,0,0,121,14,4268,2,0,12,4,0,0,0,0,18,17.52036199,9.755656109,2.389140271,3.185520362,0.79638009,8.854489164,0.567567568,0.324324324,0.202308627,0.15309842,0.131227217,0.120291616,0.891891892,3.675675676,0.135135135,0.513513514,0.081081081,0.027027027,0.135135135,4122,180,77,89,124,53,21,15,8,6,96,0,34,0,0,0,0,0,0,0,0,15,2247,7187,89,1,1773,33,11,122,1038,3,111,79,14,35,47,61,63,16,8,11,1965.733333
Kingdom of Tonga,TO,Vava'u,TO2,Motu,TO26,'Ovaka,TO2607,51,45,96,Ovaka Is,36,35,TO2607,2607,Ovaka Is,0,26,Motu,2,Vava'u,1.51172,12,2607,18650,3237,0,244,15169,132,1,22,0,3,0,96,10,244,0,0,0,0,0,0,0,0,1,8.760180995,4.877828054,1.194570136,1.592760181,0.398190045,4.427244582,0.031531532,0.018018018,0.011239368,0.008505468,0.007290401,0.006682868,0.04954955,0.204204204,0.007507508,0.028528529,0.004504505,0.001501502,0.007507508,229,10,4,5,7,3,1,1,0,0,5,0,2,0,0,0,0,0,0,0,0,1,2508,8022,5,0,101,2,1,7,59,0,6,4,1,2,3,3,3,1,0,1,2194.306977
Kingdom of Tonga,TO,Vava'u,TO2,Motu,TO26,Taunga,TO2608,14,22,36,Taunga Is,35,34,TO2608,2608,Taunga Is,0,26,Motu,2,Vava'u,0.59809,12,2608,15200,1668,40,282,13210,65,0,6,0,0,0,50,8,282,0,0,0,0,0,0,0,0,0,2.389140271,1.330316742,0.325791855,0.43438914,0.108597285,1.207430341,0,0,0,0,0,0,0,0,0,0,0,0,0,0,0,0,0,0,0,0,0,0,0,0,0,0,0,0,0,0,0,0,0,0,0,940,3008,6,0,117,2,1,8,69,0,0,0,0,0,0,0,0,0,0,0,822.8651163
Kingdom of Tonga,TO,Vava'u,TO2,Motu,TO26,Hunga,TO2609,82,90,172,Hunga Is,40,38,TO2609,2609,Hunga Is,0,26,Motu,2,Vava'u,4.80377,12,2609,47304,7277,1,504,39522,316,20,43,0,0,0,248,8,504,2,1,14,2,0,0,1,0,17,17.12217195,9.533936652,2.334841629,3.113122172,0.778280543,8.653250774,0.536036036,0.306306306,0.191069259,0.144592953,0.123936817,0.113608748,0.842342342,3.471471471,0.127627628,0.484984985,0.076576577,0.025525526,0.127627628,4580,200,85,99,138,59,24,16,8,7,107,0,38,0,0,0,0,0,0,0,0,16,4493,14373,10,0,209,4,1,14,123,0,123,88,15,39,52,68,70,18,9,12,3931.466667
Kingdom of Tonga,TO,Vava'u,TO2,Motu,TO26,Foeata Island,TO2610,2,4,6,,,,,,,,,,,,,,,,,,,,,,,,,,,,0,,,,,,,,,,,,,,,,,,,,,,,,,,,,,,,,,,,,,,,,,,,,,,,,,,,,,,,,,,,,,,,,,,,,,,,
Kingdom of Tonga,TO,Vava'u,TO2,Motu,TO26,Mounu,TO2612,1,0,1,,,,,,,,,,,,,,,,,,,,,,,,,,,,0,,,,,,,,,,,,,,,,,,,,,,,,,,,,,,,,,,,,,,,,,,,,,,,,,,,,,,,,,,,,,,,,,,,,,,,
Kingdom of Tonga,TO,Vava'u,TO2,Motu,TO26,Eueiki,TO2613,1,1,2,,,,,,,,,,,,,,,,,,,,,,,,,,,,0,,,,,,,,,,,,,,,,,,,,,,,,,,,,,,,,,,,,,,,,,,,,,,,,,,,,,,,,,,,,,,,,,,,,,,,
Kingdom of Tonga,TO,Vava'u,TO2,Motu,TO26,Fofoa Island,TO2615,2,3,5,,,,,,,,,,,,,,,,,,,,,,,,,,,,0,,,,,,,,,,,,,,,,,,,,,,,,,,,,,,,,,,,,,,,,,,,,,,,,,,,,,,,,,,,,,,,,,,,,,,,
Kingdom of Tonga,TO,Ha'apai,TO3,Pangai,TO31,Lifuka,TO3101,513,513,1026,"Pangai, H",43,41,TO3101,3101,"Pangai, H",3,31,Pangai,3,Ha'apai,3.31499,12,3101,283025,13382,16733,3140,249770,778,7,223,5,11,14,501,21,23370,0,7,0,0,0,0,0,0,4,119.6400679,23.85229202,22.71646859,21.58064516,8.329371817,43.09664311,0.171779141,0.171779141,0.044957473,0.034021871,0.029161604,0.02673147,2.478527607,1.079754601,1.496932515,1.865030675,0.26993865,0.171779141,0.049079755,6,3,1,0,0,0,0,0,0,0,1,0,0,0,0,0,0,0,0,0,0,0,13090,180473,367,112,1969,111,2,46,1867,9,347,166,298,28,120,48,576,44,96,324,17476.71996
Kingdom of Tonga,TO,Ha'apai,TO3,Pangai,TO31,Hihifo,TO3102,381,329,710,"Hihifo, H",41,39,TO3102,3102,"Hihifo, H",3,31,Pangai,3,Ha'apai,5.71397,12,3102,143382,8601,2059,3461,129261,705,2,281,2,7,1,399,14,11553,0,0,1,0,0,0,0,1,1,150.7572156,30.05602716,28.62478778,27.19354839,10.49575552,54.30563549,0.042944785,0.042944785,0.011239368,0.008505468,0.007290401,0.006682868,0.619631902,0.26993865,0.374233129,0.466257669,0.067484663,0.042944785,0.012269939,2,1,0,0,0,0,0,0,0,0,0,0,0,0,0,0,0,0,0,0,0,0,9059,124889,182,56,973,55,1,23,923,4,99,48,85,8,34,14,164,13,27,92,12094.02648
Kingdom of Tonga,TO,Ha'apai,TO3,Pangai,TO31,Holopeka,TO3103,71,61,132,Holopeka,44,42,TO3103,3103,Holopeka,3,31,Pangai,3,Ha'apai,0.837339,12,3103,20771,970,52,422,19327,121,0,33,1,0,1,87,0,4468,0,0,0,0,0,0,0,0,0,17.70458404,3.529711375,3.361629881,3.193548387,1.232597623,6.377530146,0,0,0,0,0,0,0,0,0,0,0,0,0,0,0,0,0,0,0,0,0,0,0,0,0,0,0,0,0,0,0,0,0,0,0,1684,23219,70,21,376,21,0,9,357,2,0,0,0,0,0,0,0,0,0,0,2248.466896
Kingdom of Tonga,TO,Ha'apai,TO3,Pangai,TO31,Koulo,TO3104,94,77,171,Koulo,42,40,TO3104,3104,Koulo,5,31,Pangai,3,Ha'apai,1.70471,12,3104,41558,1956,1041,1581,36980,176,4,52,0,0,0,119,1,1581,0,3,0,0,0,0,0,0,4,27.89813243,5.56196944,5.297113752,5.032258065,1.942275042,10.04944144,0.171779141,0.171779141,0.044957473,0.034021871,0.029161604,0.02673147,2.478527607,1.079754601,1.496932515,1.865030675,0.26993865,0.171779141,0.049079755,4,2,0,0,0,0,0,0,0,0,1,0,0,0,0,0,0,0,0,0,0,0,2182,30079,25,8,133,8,0,3,126,1,198,95,170,16,68,28,329,25,55,185,2912.78666
Kingdom of Tonga,TO,Ha'apai,TO3,Foa,TO32,Fangale'ounga,TO3201,81,79,160,Fakale'ounga,45,43,TO3201,3201,Fakale'ounga,3,32,Foa,3,Ha'apai,2.14645,12,3201,22031,1942,828,668,18593,95,6,26,0,0,0,60,3,668,0,0,0,0,2,0,0,0,6,12.34343434,2.363636364,2.451178451,2.101010101,0.875420875,4.424547379,0.257668712,0.257668712,0.067436209,0.051032807,0.043742406,0.040097205,3.717791411,1.619631902,2.245398773,2.797546012,0.404907975,0.257668712,0.073619632,1,0,0,0,0,0,0,0,0,0,0,10,1,2,1,0,0,0,0,0,0,0,14523,29546,32,0,133,6,0,4,96,0,22,16,2,3,2,8,20,2,0,6,1668.939283
Kingdom of Tonga,TO,Ha'apai,TO3,Foa,TO32,Fotua,TO3202,125,111,236,Fotua,46,44,TO3202,3202,Fotua,3,32,Foa,3,Ha'apai,3.52492,12,3202,36449,1855,4590,1015,28989,144,17,50,0,7,0,71,0,1015,0,15,0,1,0,1,0,0,17,23.73737374,4.545454545,4.713804714,4.04040404,1.683501684,8.50874496,0.73006135,0.73006135,0.191069259,0.144592953,0.123936817,0.113608748,10.53374233,4.588957055,6.36196319,7.926380368,1.147239264,0.73006135,0.208588957,2,0,1,0,0,0,0,0,0,0,0,28,2,5,3,0,0,0,0,0,0,0,21422,43580,49,0,202,10,0,7,146,0,63,45,7,7,6,22,58,6,1,16,2461.685443
Kingdom of Tonga,TO,Ha'apai,TO3,Foa,TO32,Lotofoa,TO3203,202,208,410,Lotofoa,51,48,TO3203,3203,Lotofoa,5,32,Foa,3,Ha'apai,3.50838,12,3203,61860,5364,2607,2549,51340,274,38,48,0,1,2,168,18,2549,0,26,3,1,3,0,0,0,38,22.78787879,4.363636364,4.525252525,3.878787879,1.616161616,8.168395162,1.63190184,1.63190184,0.42709599,0.323207776,0.277035237,0.253948967,23.54601227,10.25766871,14.2208589,17.71779141,2.564417178,1.63190184,0.466257669,3,0,2,0,0,0,0,0,0,0,0,63,5,10,6,0,0,0,0,0,0,0,37216,75711,123,0,508,24,0,17,366,1,141,100,15,16,14,48,130,13,2,37,4276.656913
Kingdom of Tonga,TO,Ha'apai,TO3,Foa,TO32,Faleloa,TO3204,174,160,334,Faleloa,48,45,TO3204,3204,Faleloa,3,32,Foa,3,Ha'apai,2.83833,12,3204,62723,4033,48,1407,57235,298,26,134,1,16,0,110,10,5453,0,16,0,1,4,1,0,0,26,63.61616162,12.18181818,12.63299663,10.82828283,4.511784512,22.80343649,1.116564417,1.116564417,0.292223572,0.221142163,0.189550425,0.173754557,16.11042945,7.018404908,9.73006135,12.12269939,1.754601227,1.116564417,0.319018405,2,0,1,0,0,0,0,0,0,0,0,43,4,7,4,0,0,0,0,0,0,0,30318,61676,263,0,1087,52,0,36,783,2,97,69,10,11,9,33,89,9,1,25,3483.910753
Kingdom of Tonga,TO,Ha'apai,TO3,Foa,TO32,Ha'afakahenga,TO3205,57,63,120,Ha'afakahenga,49,46,TO3205,3205,Ha'afakahenga,3,32,Foa,3,Ha'apai,0.182258,12,3205,10384,837,332,465,8750,43,13,10,0,0,0,23,0,465,0,13,0,0,0,0,0,0,10,4.747474747,0.909090909,0.942760943,0.808080808,0.336700337,1.701748992,0.429447853,0.429447853,0.112393682,0.085054678,0.07290401,0.066828676,6.196319018,2.699386503,3.742331288,4.662576687,0.674846626,0.429447853,0.122699387,1,0,1,0,0,0,0,0,0,0,0,22,2,3,2,0,0,0,0,0,0,0,10893,22159,22,0,93,4,0,3,67,0,48,34,5,6,5,16,44,4,1,13,1251.704462
Kingdom of Tonga,TO,Ha'apai,TO3,Foa,TO32,Ha'ateiho Si'i,TO3206,53,54,107,Ha'ateiho Si'i,50,47,TO3206,3206,Ha'ateiho Si'i,3,32,Foa,3,Ha'apai,1.29657,12,3206,10132,829,0,262,9041,77,12,29,0,0,0,32,7,262,0,10,0,0,0,2,0,0,10,13.76767677,2.636363636,2.734006734,2.343434343,0.976430976,4.935072077,0.429447853,0.429447853,0.112393682,0.085054678,0.07290401,0.066828676,6.196319018,2.699386503,3.742331288,4.662576687,0.674846626,0.429447853,0.122699387,1,0,1,0,0,0,0,0,0,0,0,20,2,3,2,0,0,0,0,0,0,0,9713,19759,13,0,52,3,0,2,38,0,45,32,5,5,4,15,41,4,1,12,1116.103146
Kingdom of Tonga,TO,Ha'apai,TO3,Lulunga,TO33,Ha`afeva,TO3301,96,96,192,Ha'afeva Is,63,62,TO3301,3301,Ha'afeva Is,3,33,Lulunga,3,Ha'apai,2.04483,12,3301,29347,1969,50,1229,26099,158,2,82,0,0,0,53,21,1229,1,0,0,1,0,0,0,0,1,38.87407407,16.0962963,4.859259259,1.214814815,6.074074074,14.7491325,0.042944785,0.042944785,0.011239368,0.008505468,0.007290401,0.006682868,0.619631902,0.26993865,0.374233129,0.466257669,0.067484663,0.042944785,0.012269939,0,0,0,0,0,0,0,0,0,0,0,0,0,0,0,0,0,0,0,0,0,0,4874,42705,18,1,660,0,0,11,575,0,32,28,11,2,8,0,57,4,2,8,4900.072727
Kingdom of Tonga,TO,Ha'apai,TO3,Lulunga,TO33,Tungua,TO3302,62,55,117,Tungua Is,61,60,TO3302,3302,Tungua Is,3,33,Lulunga,3,Ha'apai,1.62506,12,3302,27862,1516,0,526,25820,121,1,57,0,0,0,51,12,526,0,0,0,0,1,0,0,0,1,27.02222222,11.18888889,3.377777778,0.844444444,4.222222222,10.25244576,0.042944785,0.042944785,0.011239368,0.008505468,0.007290401,0.006682868,0.619631902,0.26993865,0.374233129,0.466257669,0.067484663,0.042944785,0.012269939,0,0,0,0,0,0,0,0,0,0,0,0,0,0,0,0,0,0,0,0,0,0,2970,26024,8,0,282,0,0,5,246,0,16,14,6,1,4,0,28,2,1,4,2985.981818
Kingdom of Tonga,TO,Ha'apai,TO3,Lulunga,TO33,Fotuha'a,TO3303,39,37,76,Fotuha'a Is,58,57,TO3303,3303,Fotuha'a Is,7,33,Lulunga,3,Ha'apai,0.964505,12,3303,13680,948,0,622,12110,77,2,50,0,0,0,18,8,622,0,0,0,1,0,0,0,0,2,23.7037037,9.814814815,2.962962963,0.740740741,3.703703704,8.993373477,0.085889571,0.085889571,0.022478736,0.017010936,0.014580802,0.013365735,1.239263804,0.539877301,0.748466258,0.932515337,0.134969325,0.085889571,0.024539877,0,0,0,0,0,0,0,0,0,0,0,0,0,0,0,0,0,0,0,0,0,0,1929,16904,9,0,334,0,0,5,291,0,32,28,11,2,8,0,57,4,2,8,1939.612121
Kingdom of Tonga,TO,Ha'apai,TO3,Lulunga,TO33,`O`ua,TO3304,21,24,45,O'ua Is,62,61,TO3304,3304,O'ua Is,7,33,Lulunga,3,Ha'apai,0.94468,12,3304,14781,1158,0,588,13035,93,3,37,0,0,0,39,14,588,0,2,0,1,0,0,0,0,3,17.54074074,7.262962963,2.192592593,0.548148148,2.740740741,6.655096373,0.128834356,0.128834356,0.033718104,0.025516403,0.021871203,0.020048603,1.858895706,0.809815951,1.122699387,1.398773006,0.202453988,0.128834356,0.036809816,0,0,0,0,0,0,0,0,0,0,0,0,0,0,0,0,0,0,0,0,0,0,1142,10009,9,0,316,0,0,5,275,0,48,42,17,3,12,0,85,6,3,12,1148.454545
Kingdom of Tonga,TO,Ha'apai,TO3,Lulunga,TO33,Matuku,TO3305,37,47,84,Matuku Is,59,58,TO3305,3305,Matuku Is,7,33,Lulunga,3,Ha'apai,0.333654,0,0,9371,701,0,537,8133,29,2,16,0,0,0,13,0,537,0,0,0,0,1,1,0,0,0,7.585185185,3.140740741,0.948148148,0.237037037,1.185185185,2.877879513,0,0,0,0,0,0,0,0,0,0,0,0,0,0,0,0,0,0,0,0,0,0,0,0,0,0,0,0,0,0,0,0,0,0,0,2132,18684,8,0,288,0,0,5,251,0,32,28,11,2,8,0,57,4,2,8,2143.781818
Kingdom of Tonga,TO,Ha'apai,TO3,Lulunga,TO33,Kotu,TO3306,79,67,146,Kotu Is,60,59,TO3306,3306,Kotu Is,7,33,Lulunga,3,Ha'apai,0.427482,12,3306,23302,1587,0,763,20952,46,5,28,0,0,0,9,4,763,5,0,0,0,0,0,0,0,4,13.27407407,5.496296296,1.659259259,0.414814815,2.074074074,5.036289147,0.171779141,0.171779141,0.044957473,0.034021871,0.029161604,0.02673147,2.478527607,1.079754601,1.496932515,1.865030675,0.26993865,0.171779141,0.049079755,0,0,0,0,0,0,0,0,0,0,0,0,0,0,0,0,0,0,0,0,0,0,3706,32474,11,1,409,0,0,7,357,0,81,70,28,5,20,0,142,10,5,20,3726.09697
Kingdom of Tonga,TO,Ha'apai,TO3,Mu'omu'a,TO34,Nomuka,TO3401,118,121,239,Nomuka Is,66,65,TO3401,3401,Nomuka Is,10,34,Mu'omu'a,3,Ha'apai,5.36809,12,3401,77097,6439,0,1127,69531,474,11,152,0,0,0,309,4,1127,0,0,1,2,8,0,0,0,9,70.08888889,20.26666667,10.13333333,16.88888889,1.688888889,26.16461272,0.386503067,0.386503067,0.101154313,0.07654921,0.065613609,0.060145808,5.576687117,2.429447853,3.36809816,4.196319018,0.607361963,0.386503067,0.110429448,0,0,0,0,0,0,0,0,0,0,0,0,0,0,0,0,0,0,0,0,0,0,32091,78161,24,19,1002,55,0,0,873,2,116,105,90,6,68,19,126,14,1,23,21473.17733
Kingdom of Tonga,TO,Ha'apai,TO3,Mu'omu'a,TO34,Mango,TO3402,17,19,36,Mango Is,64,63,TO3402,3402,Mango Is,10,34,Mu'omu'a,3,Ha'apai,0.788354,12,3402,6840,409,7,106,6318,29,3,11,0,0,0,17,0,106,0,0,2,0,1,0,0,0,2,5.072222222,1.466666667,0.733333333,1.222222222,0.122222222,1.89349171,0.085889571,0.085889571,0.022478736,0.017010936,0.014580802,0.013365735,1.239263804,0.539877301,0.748466258,0.932515337,0.134969325,0.085889571,0.024539877,0,0,0,0,0,0,0,0,0,0,0,0,0,0,0,0,0,0,0,0,0,0,4834,11773,2,2,94,5,0,0,82,0,32,29,25,2,19,5,34,4,0,6,3234.453488
Kingdom of Tonga,TO,Ha'apai,TO3,Mu'omu'a,TO34,Fonoifua,TO3403,33,36,69,Fonoifua Is,65,64,TO3403,3403,Fonoifua Is,10,34,Mu'omu'a,3,Ha'apai,0.428819,12,3403,15251,657,760,114,13720,93,3,17,0,0,0,72,0,114,0,0,0,0,2,0,0,0,3,7.838888889,2.266666667,1.133333333,1.888888889,0.188888889,2.92630537,0.128834356,0.128834356,0.033718104,0.025516403,0.021871203,0.020048603,1.858895706,0.809815951,1.122699387,1.398773006,0.202453988,0.128834356,0.036809816,0,0,0,0,0,0,0,0,0,0,0,0,0,0,0,0,0,0,0,0,0,0,9265,22565,2,2,101,6,0,0,88,0,32,29,25,2,19,5,34,4,0,6,6199.369186
Kingdom of Tonga,TO,Ha'apai,TO3,Ha`ano,TO35,Fakakai,TO3501,64,64,128,Fakakai,54,51,TO3501,3501,Fakakai,1,35,Ha'ano,3,Ha'apai,2.48019,12,3501,12920,726,0,391,11803,66,11,25,0,0,0,16,14,391,0,0,0,0,2,0,0,1,11,16.57303371,2.247191011,1.123595506,3.370786517,0.280898876,5.185055429,0.472392638,0.472392638,0.12363305,0.093560146,0.080194411,0.073511543,6.81595092,2.969325153,4.116564417,5.128834356,0.742331288,0.472392638,0.134969325,0,0,0,0,0,0,0,0,0,0,0,0,0,0,0,0,0,0,0,0,0,0,2001,22284,3,0,156,7,0,5,96,0,109,76,24,11,26,9,125,0,84,78,2266.666667
Kingdom of Tonga,TO,Ha'apai,TO3,Ha`ano,TO35,Pukotala,TO3502,41,40,81,Pukotala,31,52,TO3502,3502,Pukotala,1,35,Ha'ano,3,Ha'apai,1.56745,12,3502,17480,1012,0,699,15769,29,0,19,0,0,0,10,0,699,0,0,0,0,0,0,0,0,0,12.59550562,1.707865169,0.853932584,2.561797753,0.213483146,3.940642126,0,0,0,0,0,0,0,0,0,0,0,0,0,0,0,0,0,0,0,0,0,0,0,0,0,0,0,0,0,0,0,0,0,0,0,1267,14101,5,0,279,13,0,9,172,0,0,0,0,0,0,0,0,0,0,0,1434.375
Kingdom of Tonga,TO,Ha'apai,TO3,Ha`ano,TO35,Ha'ano,TO3503,61,69,130,Ha'ano,37,53,TO3503,3503,Ha'ano,1,35,Ha'ano,3,Ha'apai,1.55172,12,3503,19246,1082,280,994,16890,26,0,15,0,0,0,11,0,994,0,0,0,0,0,0,0,0,0,9.943820225,1.348314607,0.674157303,2.02247191,0.168539326,3.111033257,0,0,0,0,0,0,0,0,0,0,0,0,0,0,0,0,0,0,0,0,0,0,0,0,0,0,0,0,0,0,0,0,0,0,0,2033,22632,7,0,397,18,0,13,245,0,0,0,0,0,0,0,0,0,0,0,2302.083333
Kingdom of Tonga,TO,Ha'apai,TO3,Ha`ano,TO35,Muitoa,TO3504,22,19,41,Muitoa,47,54,TO3504,3504,Muitoa,1,35,Ha'ano,3,Ha'apai,1.03787,12,3504,6080,273,320,277,5210,12,2,7,0,0,0,3,0,277,0,0,0,0,0,0,0,0,2,4.640449438,0.629213483,0.314606742,0.943820225,0.078651685,1.45181552,0.085889571,0.085889571,0.022478736,0.017010936,0.014580802,0.013365735,1.239263804,0.539877301,0.748466258,0.932515337,0.134969325,0.085889571,0.024539877,0,0,0,0,0,0,0,0,0,0,0,0,0,0,0,0,0,0,0,0,0,0,641,7138,2,0,111,5,0,4,68,0,20,14,4,2,5,2,23,0,15,14,726.0416667
Kingdom of Tonga,TO,Ha'apai,TO3,Ha`ano,TO35,Mo'unga'one,TO3505,34,42,76,Mo'unga'one Is,56,55,TO3505,3505,Mo'unga'one Is,1,35,Ha'ano,3,Ha'apai,1.31544,12,3505,14440,940,0,765,12735,75,2,23,0,0,0,38,14,765,0,0,0,1,0,0,0,0,2,15.24719101,2.06741573,1.033707865,3.101123596,0.258426966,4.770250995,0.085889571,0.085889571,0.022478736,0.017010936,0.014580802,0.013365735,1.239263804,0.539877301,0.748466258,0.932515337,0.134969325,0.085889571,0.024539877,0,0,0,0,0,0,0,0,0,0,0,0,0,0,0,0,0,0,0,0,0,0,1188,13231,6,0,305,14,0,10,189,0,20,14,4,2,5,2,23,0,15,14,1345.833333
Kingdom of Tonga,TO,Ha'apai,TO3,'Uiha,TO36,'Uiha,TO3601,127,158,285,Uiha,52,49,TO3601,3601,Uiha,5,36,Uiha,3,Ha'apai,3.40744,12,3601,60143,6361,1271,1543,50968,348,2,103,0,3,0,225,16,1543,1,0,1,0,0,0,0,0,2,43.65238095,10.79047619,7.847619048,5.395238095,7.357142857,16.4904868,0.085889571,0.085889571,0.022478736,0.017010936,0.014580802,0.013365735,1.239263804,0.539877301,0.748466258,0.932515337,0.134969325,0.085889571,0.024539877,0,0,0,0,0,0,0,0,0,0,0,0,0,0,0,0,0,0,0,0,0,0,10653,60891,31,3,802,3,3,23,662,0,54,37,44,3,51,2,49,4,35,35,2935.551537
Kingdom of Tonga,TO,Ha'apai,TO3,'Uiha,TO36,Felemea,TO3602,76,64,140,Felemea,53,50,TO3602,3602,Felemea,5,36,Uiha,3,Ha'apai,2.14055,12,3602,24035,1921,34,658,21422,109,0,47,0,0,0,62,0,658,0,0,0,0,0,0,0,0,0,19.91904762,4.923809524,3.580952381,2.461904762,3.357142857,7.524785237,0,0,0,0,0,0,0,0,0,0,0,0,0,0,0,0,0,0,0,0,0,0,0,0,0,0,0,0,0,0,0,0,0,0,0,5233,29911,13,1,342,1,1,10,282,0,0,0,0,0,0,0,0,0,0,0,1442.025316
Kingdom of Tonga,TO,Ha'apai,TO3,'Uiha,TO36,Lofanga,TO3603,65,63,128,Lofanga Is,57,56,TO3603,3603,Lofanga Is,5,36,Uiha,3,Ha'apai,1.44428,12,3603,55161,1746,34,657,52724,196,0,57,0,0,0,140,0,657,0,0,0,0,0,0,0,0,0,24.15714286,5.971428571,4.342857143,2.985714286,4.071428571,9.125803373,0,0,0,0,0,0,0,0,0,0,0,0,0,0,0,0,0,0,0,0,0,0,0,0,0,0,0,0,0,0,0,0,0,0,0,4784,27348,13,1,342,1,1,10,282,0,0,0,0,0,0,0,0,0,0,0,1318.423146
Kingdom of Tonga,TO,'Eua,TO4,'Eua Prope,TO41,'Ohonua,TO4101,657,632,1289,Ohonua,68,67,TO4101,4101,Ohonua,15,41,Eua proper,4,Eua,11.1858,12,4101,195700,21393,5715,8310,160282,1126,132,208,26,101,2,595,76,113506,75,39,17,1,0,0,0,0,119,46.38429173,25.08835905,19.54558205,27.71388499,18.67040673,32.700921,4.618721461,0.271689498,1.337484812,1.012150668,0.867557716,0.795261239,24.99543379,14.12785388,0.543378995,9.237442922,1.901826484,0.543378995,2.173515982,49,95,80,42,127,44,36,28,6,20,50,847,25,469,7,88,0,0,0,2,0,414,21027,212607,195,27,1239,43,49,60,686,7,245,270,106,195,121,517,83,70,113,90,5809.046412
Kingdom of Tonga,TO,'Eua,TO4,'Eua Prope,TO41,Tufuvai,TO4102,123,107,230,Tufuvai,69,68,TO4102,4102,Tufuvai,15,41,Eua proper,4,Eua,1.07354,12,4102,51805,3549,4923,814,42519,270,15,40,9,5,0,172,30,37228,10,4,0,0,0,0,0,0,15,8.920056101,4.824684432,3.758765778,5.329593268,3.590462833,6.288638653,0.582191781,0.034246575,0.168590522,0.127582017,0.109356015,0.100243013,3.150684932,1.780821918,0.068493151,1.164383562,0.239726027,0.068493151,0.273972603,6,11,9,5,14,5,4,3,1,2,6,96,3,53,1,10,0,0,0,0,0,47,3752,37936,64,9,406,14,16,20,225,2,28,31,12,22,14,59,9,8,13,10,1036.524961
Kingdom of Tonga,TO,'Eua,TO4,'Eua Prope,TO41,Pangai,TO4103,121,128,249,Pangai,71,70,TO4103,4103,Pangai,15,41,Eua proper,4,Eua,1.52047,12,4103,37240,2306,3800,1863,29271,239,2,39,2,3,0,180,14,9955,2,0,0,0,0,0,0,0,1,8.697054698,4.704067321,3.664796634,5.196353436,3.500701262,6.131422687,0.038812785,0.002283105,0.011239368,0.008505468,0.007290401,0.006682868,0.210045662,0.118721461,0.00456621,0.077625571,0.015981735,0.00456621,0.01826484,1,1,1,1,2,1,1,0,0,0,1,13,0,7,0,1,0,0,0,0,0,6,4062,41070,17,2,109,4,4,5,60,1,4,4,2,3,2,8,1,1,2,1,1122.150936
Kingdom of Tonga,TO,'Eua,TO4,Nukunuku,TO41,Houma,TO4104,165,145,310,Houma,67,66,TO4104,4104,Houma,15,41,Eua proper,4,Eua,4.30882,12,4104,33790,2774,6142,1466,23408,719,53,142,54,102,0,313,56,219950,12,12,3,1,1,0,0,0,53,31.66619916,17.12762973,13.34361851,18.9200561,12.74614306,22.32466722,2.057077626,0.121004566,0.595686513,0.450789793,0.386391252,0.354191981,11.13242009,6.292237443,0.242009132,4.114155251,0.847031963,0.242009132,0.96803653,20,38,32,17,51,18,15,11,3,8,20,340,10,188,3,36,0,0,0,1,0,166,5057,51131,377,51,2401,82,95,116,1329,14,98,109,43,78,49,207,33,28,46,36,1397.055382
Kingdom of Tonga,TO,'Eua,TO4,'Eua Prope,TO41,Ha'atu'a,TO4105,242,244,486,Ha'atu'a,80,79,TO4105,4105,Ha'atu'a,15,41,Eua proper,4,Eua,9.55784,12,4105,53400,4398,3361,974,44667,1414,110,284,23,65,10,803,119,94032,7,1,5,0,0,0,0,0,110,63.33239832,34.25525947,26.68723703,37.8401122,25.49228612,44.64933444,4.269406393,0.251141553,1.236330498,0.935601458,0.801944107,0.735115431,23.10502283,13.05936073,0.502283105,8.538812785,1.757990868,0.502283105,2.00913242,41,79,67,35,105,37,30,23,5,17,42,705,21,391,6,74,0,0,0,2,0,345,7928,80160,161,22,1026,35,40,50,568,6,204,225,88,163,101,430,69,58,94,75,2190.222309
Kingdom of Tonga,TO,'Eua,TO4,'Eua Prope,TO41,Ohonua,TO4106,94,113,207,#N/A,,,,,,15,,,,,,,,,,,,,,,,,,,,,0,,,,,,,,,,,,,,,,,,,,,,,,,,,,,,,,,,,,,,,,,,,,,,,,,,,,,,,,,,,,,,,,,,,,,,,
Kingdom of Tonga,TO,'Eua,TO4,'Eua fo'ou,TO42,Angaha,TO4201,192,172,364,Angaha,70,69,TO4201,4201,Angaha,15,42,Eua Fo'ou,4,Eua,0.903375,12,4201,51360,18526,1324,6670,24840,163,9,31,0,15,0,84,24,6670,8,3,1,0,0,0,0,0,9,10.17910448,5.937810945,7.248756219,5.475124378,7.094527363,8.552376856,0.349315068,0.020547945,0.101154313,0.07654921,0.065613609,0.060145808,1.890410959,1.068493151,0.04109589,0.698630137,0.143835616,0.04109589,0.164383562,87,15,26,10,66,4,1,3,4,6,11,306,23,89,38,4,0,2,0,1,0,38,743,19091,18,1,97,2,2,2,68,1,30,23,47,16,21,48,19,7,43,17,677.804878
Kingdom of Tonga,TO,'Eua,TO4,'Eua fo'ou,TO42,Futu,TO4202,134,123,257,Futu,72,71,TO4202,4202,Futu,15,42,Eua Fo'ou,4,Eua,0.807823,12,4202,39069,10509,7570,5182,15808,232,13,58,17,1,0,127,17,73964,7,3,3,2,0,0,0,0,13,19.04477612,11.10945274,13.56218905,10.24378109,13.27363184,16.00122122,0.50456621,0.029680365,0.146111786,0.110571081,0.094775213,0.086877278,2.730593607,1.543378995,0.059360731,1.00913242,0.207762557,0.059360731,0.237442922,126,21,38,14,95,6,2,4,5,8,16,442,34,129,54,6,0,4,0,1,0,54,524,13479,197,11,1073,27,20,26,759,16,44,33,68,23,31,69,27,10,62,25,478.5600375
Kingdom of Tonga,TO,'Eua,TO4,'Eua fo'ou,TO42,'Esia,TO4203,103,102,205,"Esia, E",73,72,TO4203,4203,"Esia, E",15,42,Eua Fo'ou,4,Eua,0.873895,12,4203,38643,7281,7041,2967,21354,109,21,38,2,10,0,39,0,11059,41,6,15,0,0,0,0,0,21,12.47761194,7.278606965,8.885572139,6.711442786,8.696517413,10.48355873,0.815068493,0.047945205,0.236026731,0.178614824,0.15309842,0.140340219,4.410958904,2.493150685,0.095890411,1.630136986,0.335616438,0.095890411,0.383561644,204,35,62,22,153,9,3,6,9,14,25,715,55,208,88,9,0,6,0,1,0,88,418,10752,29,2,160,4,3,4,114,2,70,53,110,37,49,112,44,16,100,40,381.7307692
Kingdom of Tonga,TO,'Eua,TO4,'Eua fo'ou,TO42,Sapa'ata,TO4204,65,78,143,"Sapa'ata, E",75,74,TO4204,4204,"Sapa'ata, E",15,42,Eua Fo'ou,4,Eua,0.495925,12,4204,51659,6717,5564,2685,36693,24,3,6,0,0,0,15,0,2685,24,0,19,5,0,0,0,0,3,1.970149254,1.149253731,1.402985075,1.059701493,1.373134328,1.655298746,0.116438356,0.006849315,0.033718104,0.025516403,0.021871203,0.020048603,0.630136986,0.356164384,0.01369863,0.232876712,0.047945205,0.01369863,0.054794521,29,5,9,3,22,1,0,1,1,2,4,102,8,30,13,1,0,1,0,0,0,13,292,7500,7,0,39,1,1,1,28,1,10,8,16,5,7,16,6,2,14,6,266.2804878
Kingdom of Tonga,TO,'Eua,TO4,'Eua fo'ou,TO42,Fata'ulua,TO4205,117,130,247,"Fata'ulua, E",76,75,TO4205,4205,"Fata'ulua, E",15,42,Eua Fo'ou,4,Eua,0.537799,12,4205,31102,7100,6148,4106,13748,216,40,49,0,0,0,124,3,4106,20,1,19,1,0,0,0,0,40,16.08955224,9.385572139,11.45771144,8.654228856,11.21393035,13.5182731,1.552511416,0.091324201,0.449574727,0.340218712,0.291616039,0.267314702,8.401826484,4.748858447,0.182648402,3.105022831,0.639269406,0.182648402,0.730593607,389,66,117,42,291,17,6,11,16,26,48,1361,104,395,167,18,0,11,0,2,0,167,504,12955,11,1,60,2,1,1,42,1,134,101,209,71,94,213,84,30,190,76,459.9390244
Kingdom of Tonga,TO,'Eua,TO4,'Eua fo'ou,TO42,Mu'a,TO4206,83,71,154,"Mu'a, E",77,76,TO4206,4206,"Mu'a, E",15,42,Eua Fo'ou,4,Eua,0.59352,12,4206,31090,10180,4040,5209,11661,168,12,54,23,0,0,79,0,98267,11,0,2,0,0,0,0,0,12,17.73134328,10.34328358,12.62686567,9.537313433,12.35820896,14.89768872,0.465753425,0.02739726,0.134872418,0.102065614,0.087484812,0.080194411,2.520547945,1.424657534,0.054794521,0.931506849,0.191780822,0.054794521,0.219178082,117,20,35,13,87,5,2,3,5,8,14,408,31,119,50,5,0,3,0,1,0,50,314,8077,262,14,1426,36,27,34,1009,21,40,30,63,21,28,64,25,9,57,23,286.7636023
Kingdom of Tonga,TO,'Eua,TO4,'Eua fo'ou,TO42,Tongamama'o,TO4207,88,75,163,"Tongamama'o, E",78,77,TO4207,4207,"Tongamama'o, E",15,42,Eua Fo'ou,4,Eua,0.764038,12,4207,18340,3555,2902,1870,10013,100,6,22,3,0,0,70,0,14008,8,0,4,0,0,0,0,0,6,7.223880597,4.213930348,5.144278607,3.885572139,5.034825871,6.069428737,0.232876712,0.01369863,0.067436209,0.051032807,0.043742406,0.040097205,1.260273973,0.712328767,0.02739726,0.465753425,0.095890411,0.02739726,0.109589041,58,10,18,6,44,3,1,2,2,4,7,204,16,59,25,3,0,2,0,0,0,25,333,8549,37,2,203,5,4,5,144,3,20,15,31,11,14,32,13,5,29,11,303.5225141
Kingdom of Tonga,TO,'Eua,TO4,'Eua fo'ou,TO42,Petani,TO4208,159,151,310,"Petani, E",79,78,TO4208,4208,"Petani, E",15,42,Eua Fo'ou,4,Eua,1.49521,12,4208,48324,12613,2682,5865,27164,234,24,70,0,0,0,140,0,5865,11,0,4,1,0,0,0,0,24,22.98507463,13.4079602,16.3681592,12.36318408,16.0199005,19.31181871,0.931506849,0.054794521,0.269744836,0.204131227,0.174969623,0.160388821,5.04109589,2.849315068,0.109589041,1.863013699,0.383561644,0.109589041,0.438356164,233,40,70,25,175,10,4,7,10,16,29,817,62,237,100,11,0,7,0,1,0,100,633,16259,16,1,85,2,2,2,60,1,80,61,125,43,56,128,51,18,114,46,577.2514071
Kingdom of Tonga,TO,'Eua,TO4,'Eua fo'ou,TO42,Mata'aho,TO4209,154,135,289,"Mata'aho, E",74,73,TO4209,4209,"Mata'aho, E",15,42,Eua Fo'ou,4,Eua,1.26612,12,4209,43022,15929,1684,7559,17850,136,12,74,0,0,0,47,3,7559,13,6,13,0,0,0,0,0,12,24.29850746,14.17412935,17.30348259,13.06965174,16.93532338,20.41535121,0.465753425,0.02739726,0.134872418,0.102065614,0.087484812,0.080194411,2.520547945,1.424657534,0.054794521,0.931506849,0.191780822,0.054794521,0.219178082,117,20,35,13,87,5,2,3,5,8,14,408,31,119,50,5,0,3,0,1,0,50,590,15158,20,1,110,3,2,3,78,2,40,30,63,21,28,64,25,9,57,23,538.1472795
Kingdom of Tonga,TO,Niuas,TO5,Niuatoputapu,TO51,Hihifo Ntt,TO5101,147,154,301,Hihifo,164,164,TO5101,5101,Hihifo,0,51,Niuatoputapu,5,Niuas,6.91187,12,5101,117519,8440,4090,938,104051,568,27,145,0,8,0,362,26,938,4,0,0,0,9,0,0,0,27,36.8592437,24.9789916,14.62184874,8.529411765,13.40336134,44.39119601,0.524271845,0.262135922,0.30346294,0.229647631,0.196840826,0.180437424,23.33009709,23.33009709,7.86407767,0.786407767,0,0,0,5177,203,67,14,148,9,0,19,0,1,31,0,0,0,0,0,0,0,0,0,0,0,27475,42178,1,0,208,6,2,8,186,0,315,211,46,16,113,281,522,25,168,11,5036.20306
Kingdom of Tonga,TO,Niuas,TO5,Niuatoputapu,TO51,Vaipoa,TO5102,92,80,172,Vaipoa,163,163,TO5102,5102,Vaipoa,0,51,Niuatoputapu,5,Niuas,4.7335,12,5102,69534,9441,1659,743,57691,379,13,106,2,0,0,245,13,8835,1,1,0,2,15,0,0,0,13,26.94537815,18.2605042,10.68907563,6.235294118,9.798319328,32.45149502,0.252427184,0.126213592,0.146111786,0.110571081,0.094775213,0.086877278,11.23300971,11.23300971,3.786407767,0.378640777,0,0,0,2493,98,32,7,71,4,0,9,0,0,15,0,0,0,0,0,0,0,0,0,0,0,15700,24102,6,0,1960,60,22,71,1751,0,152,101,22,8,54,135,251,12,81,5,2877.83032
Kingdom of Tonga,TO,Niuas,TO5,Niuatoputapu,TO51,Falehau,TO5103,112,106,218,Falehau,162,162,TO5103,5103,Falehau,0,51,Niuatoputapu,5,Niuas,3.99634,12,5103,69865,13233,1527,728,54377,613,14,210,0,0,0,390,0,728,0,1,0,0,9,0,0,0,14,53.38235294,36.17647059,21.17647059,12.35294118,19.41176471,64.29069767,0.27184466,0.13592233,0.157351154,0.119076549,0.102065614,0.093560146,12.09708738,12.09708738,4.077669903,0.40776699,0,0,0,2684,105,35,7,77,5,0,10,0,0,16,0,0,0,0,0,0,0,0,0,0,0,19899,30547,0,0,162,5,2,6,144,0,163,109,24,9,59,146,271,13,87,5,3647.482615
Kingdom of Tonga,TO,Niuas,TO5,Niuatoputapu,TO51,Tafahi,TO5104,14,14,28,Tafahi Is,153,153,TO5104,5104,Tafahi Is,0,51,Niuatoputapu,5,Niuas,3.51478,12,5104,7343,861,40,50,6392,52,10,15,0,0,0,28,0,50,10,0,0,0,0,0,0,0,10,3.81302521,2.584033613,1.512605042,0.882352941,1.386554622,4.592192691,0.194174757,0.097087379,0.112393682,0.085054678,0.07290401,0.066828676,8.640776699,8.640776699,2.912621359,0.291262136,0,0,0,1917,75,25,5,55,3,0,7,0,0,11,0,0,0,0,0,0,0,0,0,0,0,2556,3924,0,0,11,0,0,0,10,0,117,78,17,6,42,104,193,9,62,4,468.4840056
Kingdom of Tonga,TO,Niuas,TO5,Niuafo'ou,TO52,'Esia Nf,TO5201,55,47,102,Esia,154,154,TO5201,5201,Esia,0,52,Niuafo'ou,5,Niuas,2.15545,12,5201,50246,3128,13839,340,32939,302,14,45,0,0,0,243,0,340,8,0,7,1,2,0,0,0,14,6.3,12,4.8,5.4,3.6,14.48232558,0.27184466,0.13592233,0.157351154,0.119076549,0.102065614,0.093560146,12.09708738,12.09708738,4.077669903,0.40776699,0,0,0,1696,261,210,9,33,61,0,226,0,3,87,0,0,0,14,0,0,0,0,0,0,2,4363,55544,5,0,303,11,0,3,180,0,145,117,4,18,141,111,80,5,7,6,160.9280742
Kingdom of Tonga,TO,Niuas,TO5,Niuafo'ou,TO52,Kolofo'ou Nf,TO5202,35,36,71,Kolofo'ou,155,155,TO5202,5202,Kolofo'ou,0,52,Niuafo'ou,5,Niuas,1.1474,12,5202,43680,2312,10279,200,30889,72,2,8,0,0,0,63,0,200,7,0,3,0,1,0,0,0,2,1.12,2.133333333,0.853333333,0.96,0.64,2.574635659,0.038834951,0.019417476,0.022478736,0.017010936,0.014580802,0.013365735,1.72815534,1.72815534,0.582524272,0.058252427,0,0,0,242,37,30,1,5,9,0,32,0,0,12,0,0,0,2,0,0,0,0,0,0,0,3037,38663,3,0,178,6,0,2,106,0,21,17,1,3,20,16,11,1,1,1,112.0185615
Kingdom of Tonga,TO,Niuas,TO5,Niuafo'ou,TO52,SapaataNf,TO5203,43,49,92,Sapa'ata,156,156,TO5203,5203,Sapa'ata,0,52,Niuafo'ou,5,Niuas,1.36133,12,5203,34216,2481,6946,660,24129,120,5,24,0,0,0,91,0,660,12,0,3,0,2,0,0,0,5,3.36,6.4,2.56,2.88,1.92,7.723906977,0.097087379,0.048543689,0.056196841,0.042527339,0.036452005,0.033414338,4.32038835,4.32038835,1.45631068,0.145631068,0,0,0,606,93,75,3,12,22,0,81,0,1,31,0,0,0,5,0,0,0,0,0,0,1,3936,50098,9,0,587,21,1,6,350,1,52,42,1,7,51,40,29,2,3,2,145.1508121
Kingdom of Tonga,TO,Niuas,TO5,Niuafo'ou,TO52,Fata'ulua Nf,TO5204,16,27,43,Fata'ulua,157,157,TO5204,5204,Fata'ulua,0,52,Niuafo'ou,5,Niuas,2.46867,12,5204,24456,1128,5271,830,17227,80,4,11,0,0,0,66,0,830,2,0,4,0,0,0,0,0,4,1.54,2.933333333,1.173333333,1.32,0.88,3.540124031,0.077669903,0.038834951,0.044957473,0.034021871,0.029161604,0.02673147,3.45631068,3.45631068,1.165048544,0.116504854,0,0,0,485,75,60,2,10,18,0,65,0,1,25,0,0,0,4,0,0,0,0,0,0,1,1839,23416,11,0,739,27,1,8,440,1,41,33,1,5,40,32,23,2,2,2,67.84222738
Kingdom of Tonga,TO,Niuas,TO5,Niuafo'ou,TO52,Mata'aho Nf,TO5205,8,11,19,Mata'aho,158,158,TO5205,5205,Mata'aho,0,52,Niuafo'ou,5,Niuas,4.38866,12,5205,9423,402,3136,306,5579,64,4,20,0,0,0,33,8,306,5,0,3,0,0,0,0,0,4,2.8,5.333333333,2.133333333,2.4,1.6,6.436589147,0.077669903,0.038834951,0.044957473,0.034021871,0.029161604,0.02673147,3.45631068,3.45631068,1.165048544,0.116504854,0,0,0,485,75,60,2,10,18,0,65,0,1,25,0,0,0,4,0,0,0,0,0,0,1,813,10346,4,0,272,10,0,3,162,0,41,33,1,5,40,32,23,2,2,2,29.97679814
Kingdom of Tonga,TO,Niuas,TO5,Niuafo'ou,TO52,Mu'a Nf,TO5206,6,3,9,Mu'a,159,159,TO5206,5206,Mu'a,0,52,Niuafo'ou,5,Niuas,4.03639,12,5206,8663,579,818,200,7066,114,2,10,0,0,0,103,0,200,2,0,1,0,0,0,0,0,2,1.4,2.666666667,1.066666667,1.2,0.8,3.218294574,0.038834951,0.019417476,0.022478736,0.017010936,0.014580802,0.013365735,1.72815534,1.72815534,0.582524272,0.058252427,0,0,0,242,37,30,1,5,9,0,32,0,0,12,0,0,0,2,0,0,0,0,0,0,0,385,4901,3,0,178,6,0,2,106,0,21,17,1,3,20,16,11,1,1,1,14.19953596
Kingdom of Tonga,TO,Niuas,TO5,Niuafo'ou,TO52,Tongamama'o Nf,TO5207,14,17,31,Tongamama'o,160,160,TO5207,5207,Tongamama'o,0,52,Niuafo'ou,5,Niuas,1.59704,12,5207,13368,566,2433,190,10179,76,2,15,0,0,0,60,0,190,2,0,0,0,0,0,0,0,2,2.1,4,1.6,1.8,1.2,4.82744186,0.038834951,0.019417476,0.022478736,0.017010936,0.014580802,0.013365735,1.72815534,1.72815534,0.582524272,0.058252427,0,0,0,242,37,30,1,5,9,0,32,0,0,12,0,0,0,2,0,0,0,0,0,0,0,1326,16881,3,0,169,6,0,2,101,0,21,17,1,3,20,16,11,1,1,1,48.90951276
Kingdom of Tonga,TO,Niuas,TO5,Niuafo'ou,TO52,Petani Nf,TO5208,34,30,64,Petani,161,161,TO5208,5208,Petani,0,52,Niuafo'ou,5,Niuas,3.13846,12,5208,15553,858,2414,330,11951,280,6,17,0,0,0,257,0,330,5,0,2,0,0,0,0,0,6,2.38,4.533333333,1.813333333,2.04,1.36,5.471100775,0.116504854,0.058252427,0.067436209,0.051032807,0.043742406,0.040097205,5.184466019,5.184466019,1.747572816,0.174757282,0,0,0,727,112,90,4,14,26,0,97,0,1,37,0,0,0,6,0,0,0,0,0,0,1,2738,34851,5,0,294,11,0,3,175,0,62,50,2,8,61,48,34,2,3,2,100.974478
,,,,,,,,,,,,143,141,TO1104,1104,Oneata,,11,Kolofo'ou,1,Tongatapu,0.0612058,0,0,0,0,0,0,0,0,0,0,0,0,0,0,0,0,0,0,0,0,0,0,0,0,0,0,0,0,0,0,0,0,0,0,0,0,0,0,0,0,0,0,0,0,0,0,0,0,0,0,0,0,0,0,0,0,0,0,0,0,0,0,0,0,0,0,0,0,0,0,0,0,0,0,0,0,0,0,0,0,0,0,0,0,0,0,0
,,,,,,,,,,,,149,149,TO1109,1109,Onevai Is,,11,Kolofo'ou,1,Tongatapu,0.134338,0,0,0,0,0,0,0,0,0,0,0,0,0,0,0,0,0,0,0,0,0,0,0,0,0,0,0,0,0,0,0,0,0,0,0,0,0,0,0,0,0,0,0,0,0,0,0,0,0,0,0,0,0,0,0,0,0,0,0,0,0,0,0,0,0,0,0,0,0,0,0,0,0,0,0,0,0,0,0,0,0,0,0,0,0,0,0
,,,,,,,,,,,,139,146,TO1110,1110,Ataa Is,,11,Kolofo'ou,1,Tongatapu,0.202473,0,0,0,0,0,0,0,0,0,0,0,0,0,0,0,0,0,0,0,0,0,0,0,0,0,0,0,0,0,0,0,0,0,0,0,0,0,0,0,0,0,0,0,0,0,0,0,0,0,0,0,0,0,0,0,0,0,0,0,0,0,0,0,0,0,0,0,0,0,0,0,0,0,0,0,0,0,0,0,0,0,0,0,0,0,0,0
,,,,,,,,,,,,148,147,TO1111,1111,Velitoa Hahake,,11,Kolofo'ou,1,Tongatapu,0.0303881,0,0,0,0,0,0,0,0,0,0,0,0,0,0,0,0,0,0,0,0,0,0,0,0,0,0,0,0,0,0,0,0,0,0,0,0,0,0,0,0,0,0,0,0,0,0,0,0,0,0,0,0,0,0,0,0,0,0,0,0,0,0,0,0,0,0,0,0,0,0,0,0,0,0,0,0,0,0,0,0,0,0,0,0,0,0,0
,,,,,,,,,,,Pangaimotu,55,148,TO1112,1112,Velitoa Hihifo,,11,Kolofo'ou,1,Tongatapu,0.0166902,0,0,0,0,0,0,0,0,0,0,0,0,0,0,0,0,0,0,0,0,0,0,0,0,0,0,0,0,0,0,0,0,0,0,0,0,0,0,0,0,0,0,0,0,0,0,0,0,0,0,0,0,0,0,0,0,0,0,0,0,0,0,0,0,0,0,0,0,0,0,0,0,0,0,0,0,0,0,0,0,0,0,0,0,0,0,0
,,,,,,,,,,,,32,31,TO2108,2108,Kenutu Is,,21,Neiafu,2,Vava'u,0.404992,0,0,0,0,0,0,0,0,0,0,0,0,0,0,0,0,0,0,0,0,0,0,0,0,0,0,0,0,0,0,0,0,0,0,0,0,0,0,0,0,0,0,0,0,0,0,0,0,0,0,0,0,0,0,0,0,0,0,0,0,0,0,0,0,0,0,0,0,0,0,0,0,0,0,0,0,0,0,0,0,0,0,0,0,0,0,0
,,,,,,,,,,,,34,33,TO2205,2205,Tapana Is,,22,Pangaimotu,2,Vava'u,0.357601,12,2205,0,0,0,0,0,0,0,0,0,0,0,0,0,0,0,0,0,0,0,0,0,0,0,0,0,0,0,0,0,0,0,0,0,0,0,0,0,0,0,0,0,0,0,0,0,0,0,0,0,0,0,0,0,0,0,0,0,0,0,0,0,0,0,0,0,0,0,0,0,0,0,0,0,0,0,0,0,0,0,0,0,0,0,0,0
,,,,,,,,,,,,150,150,TO3404,3404,Nomukeiki Is,,34,Mu'omu'a,3,Ha'apai,0.701357,0,0,0,0,0,0,0,0,0,0,0,0,0,0,0,0,0,0,0,0,0,0,0,0,0,0,0,0,0,0,0,0,0,0,0,0,0,0,0,0,0,0,0,0,0,0,0,0,0,0,0,0,0,0,0,0,0,0,0,0,0,0,0,0,0,0,0,0,0,0,0,0,0,0,0,0,0,0,0,0,0,0,0,0,0,0,0
,,,,,,,,,,,,152,152,TO3604,3604,Tofua Is,,36,Uiha,3,Ha'apai,46.4679,0,0,0,0,0,0,0,8,5,3,0,0,0,0,0,0,0,0,0,0,0,0,0,0,5,1.271428571,0.314285714,0.228571429,0.157142857,0.214285714,0.480305441,0.214723926,0.214723926,0.056196841,0.042527339,0.036452005,0.033414338,3.098159509,1.349693252,1.871165644,2.331288344,0.337423313,0.214723926,0.061349693,0,0,0,0,0,0,0,0,0,0,0,0,0,0,0,0,0,0,0,0,0,0,0,0,0,0,0,0,0,0,0,0,135,92,111,9,129,4,124,9,89,89,0
